name,category,address_raw,address,phone,website,facebook,instagram,digital,paper
(有)エッカ,住宅設備工事・リフォーム業,堀池,〒820-0070 福岡県飯塚市堀池154-9,0948-23-0800,https://ekka.jp,,,True,True
(株)バイタルリソース応用研究所,エラスチン原料・健康食品・化粧品開発製造,川津,〒820-0067 福岡県飯塚市川津680-41,0948-29-5410,http://www.pure-elastin.com/,,,True,True
(株)九酸ガス住設飯塚営業所,プロパンガス販売,目尾,〒820-0062 福岡県飯塚市目尾398 Q-SANビル1階,0948-22-6024,https://www.q-san.co.jp,,,True,True
(株)本河住建,建築業,柏の森,〒820-0011 福岡県飯塚市柏の森75-1,0948-23-6097,http://www.honkawa-jyuken.com,,,True,True
AOKI飯塚店,紳士服店,秋松,〒820-0083 福岡県飯塚市秋松895-1,0948-26-8288,https://www.aoki-style.com/shop/store/0663,,,True,True
ATAGOふれあいマーケット,スーパーマーケット,鯰田,〒820-0001 福岡県飯塚市鯰田2525番地310,0948-25-3771,,,,True,True
AVENUE,不明,菰田西,〒820-0017 福岡県飯塚市菰田西3-6-1 ゆめタウン飯塚内 2F,0948-24-6690,,,@pinore.official @cecica_blue @judycollection_official,False,True
BLACK STEELO,ダンススタジオ,有井,〒820-0102 福岡県飯塚市有井354-21,0948-82-1979,,,,True,True
Basis health&beauty,エステ,椋本,〒820-0044 福岡県飯塚市横田516-6ラグエクリュC17号,080-8875-0074,,,,True,True
BookOFF飯塚店,中古本・中古家電販売,小正,〒820-0089 福岡県飯塚市小正5,0948-23-6500,https://www.bookoff.co.jp/shop/shop10773.html,,,False,True
Cafe CuLuRe(カフェ クルール),カフェ,堀池,〒820-0070 福岡県飯塚市堀池179-2,0948-21-3750,https://culure.jp/cafeculure/,,,True,True
Cafe Rocco,イタリアン,中,〒820-0065 福岡県飯塚市中431-1,0948-52-3490,https://www.cafe-rocco.com,,,True,True
Café＆Restaurant Salute（サルーテ）,カフェ・レストラン,立岩,〒820-0003 福岡県飯塚市立岩1668,0948-52-3966,https://restaurant-salute.com,https://www.facebook.com/Cafe & Restaurant Salute,,False,True
CuLuRe(クルール),雑貨店,堀池,〒820-0070 福岡県飯塚市堀池179-2,0948-21-3750,https://culure.jp/cafeculure/,,,True,True
Cut in Murashi,美容室,飯塚,,,,,,True,True
DartsBar333,ダーツバー,新飯塚,〒820-0005 福岡県飯塚市新飯塚13-2,0948-52-7355,,,https://www.instagram.com/darts_iizuka1118,True,True
Dr Hair Smiley,美容室,柏の森,〒820-0011 福岡県飯塚市柏の森473-1,0948-29-2777,https://dh-smiley.com,,,True,True
E-REVO卓球BASE,卓球クラブ,本町,〒820-0028 福岡県飯塚市本町13-8 飯塚SSビル5F,,,,https://www.instagram.com/erevo_ttakkyu/,True,True
ENEOSサンフラワー楽市SS（山口石油）,ガソリンスタンド,楽市,〒820-0074 福岡県飯塚市楽市231-1,0948-22-2483,,,,True,True
Flower&Green POPLAR,花屋,枝国,〒820-0081 福岡県飯塚市枝国464-31,0948-26-1787,,,,True,True
GYOGYOSUKE second,不明,柏の森,〒820-0011 福岡県飯塚市柏の森532-3柏の森広場C,0948-22-2128,,,,True,True
KAIKA ゆめタウン飯塚店,不明,菰田西,〒820-0017 福岡県飯塚市菰田西3丁目6−1 ゆめタウン飯塚 1F,0948-52-6190,,,https://www.instagram.com/kaika_878/,True,True
Life Clip(ライフクリップ),文具・雑貨販売,菰田西,〒820-0017 福岡県飯塚市菰田西3丁目6-1,0948-43-9250,https://www.tamaoki.co.jp,,,True,True
M r.青木精肉店,精肉店,鶴三緒,〒820-0014 福岡県飯塚市鶴三緒1117-1,0948-24-5345,https://mr-aoki.jp/index.html,,,False,True
Modernist Cuisine Restaurant Hidaka,フランス料理レストラン,赤坂,〒820-0106 福岡県飯塚市赤坂736-10,0948-80-6333,,,modernist.cuisine.cuisine_restaurant,True,True
PATISSERIE Doux,ケーキ屋,柏の森,〒820-0011 福岡県飯塚市柏の森473-6,0948-26-5077,,,https://www.instagram.com/patisserie_doux,True,True
R－GARDEN+,不明,吉原町,〒820-0040 福岡県飯塚市吉原町11-1,080-3255-3364,,,https://www.instagram.com/r_garden_plus,True,True
TAX飯塚,自動車販売,楽市,〒820-0074 福岡県飯塚市楽市597-5,0948-24-0768,https://tax-iizuka.com,,,True,True
TRIAL GO飯塚幸袋店,ディスカウントストア,幸袋,〒820-0066 福岡県飯塚市幸袋464-1,0120-509-050,https://www.trial-net.co.jp/shops/668/,,,True,True
TRIDRUG GO目尾店,ドラッグストア,口原,〒820-1114 福岡県飯塚市口原591-6,0948-96-3366,https://www.trial-net.co.jp/shops/371/,,,True,True
TeaWayゆめタウン飯塚店,タピオカ専門店,菰田西,〒820-0017 福岡県飯塚市菰田西3-6-1 ゆめタウン飯塚1F,0948-43-2808,https://teaway.jp/,,,True,True
WHISKY AJOTSSI,ウイスキー専門店,飯塚,〒820-0041 福岡県飯塚市飯塚12-20,080-4674-4295,,,https://www.instagram.com/ajotssi_spirits/,True,True
Zoff Marche ゆめタウン飯塚,その他,菰田西,〒820-0017 福岡県飯塚市菰田西3丁目6番1号 ゆめタウン飯塚 2F,0948-52-6528,https://www.zoff.co.jp/shop/store/11346,,,True,True
aruk cafe,その他,川津,〒820-0067 福岡県飯塚市川津271-2,0948-23-5558,https://arukurashi.com,,,True,True
arukーある暮らしー,その他,川津,〒820-0067 福岡県飯塚市川津271-2,0948-23-5558,https://arukurashi.com,,,True,True
charmmie,ペットサロン・トリミング,枝国,〒820-0081 福岡県飯塚市枝国518-1,0948-24-5511,https://charmmie.jp,,,True,True
tantan イオン穂波店,レディスファッション・セレクトショップ,枝国,〒820-0081 福岡県飯塚市枝国長浦666-48 イオン穂波ショッピングセンター1F,0948-26-1715,,,,True,True
tete秋松店,美容室,秋松,福岡県飯塚市秋松889-1,,https://tete.plus,,,True,True
universal工房HRS,中古車販売,若菜,〒820-0082 福岡県飯塚市若菜249-1,0948-52-8051,https://hrscarshop.shopinfo.jp,,,True,True
あかね工房,精肉店,鯰田,〒820-0001 福岡県飯塚市鯰田76-1,0948-22-5268,https://akanekobo.studio.site,,,True,True
あかね荘,和牛割烹,山口,〒820-0711 福岡県飯塚市山口611-2（サンビレッジ茜入口）,0948-72-0903,https://hiizuru-akane.com,,,True,True
あぐらの離れ,居酒屋,芳雄町,〒820-0018 福岡県飯塚市芳雄町1-11,0948-22-3313,,,,True,True
あげ家,居酒屋,相田,〒820-0052 福岡県飯塚市相田101-13,0948-29-1990,,,https://www.instagram.com/umakamon1130,False,True
あさひ補聴器,補聴器販売,宮町,〒820-0069 福岡県飯塚市宮町14-6,0948-25-7843,https://asahi-ha.com,,,True,True
あったかパソコン教室飯塚校,教育・学習支援業,椿,〒820-0084 福岡県飯塚市椿123-7,0948-26-1441,https://attaka55.sakura.ne.jp,,,True,True
あんど,不明,吉原町,〒820-0026 福岡県飯塚市吉原町8-8,0948-23-9220,,,,False,True
いいづかもけい,模型（ホビーショップ）,菰田西,〒820-0017 福岡県飯塚市菰田西3丁目18-13,0948-24-5033,,,,True,True
いいづかスポーツ・リゾート ザ・リトリート,その他,仁保,〒820-0115 福岡県飯塚市仁保8-37,0948-82-3177,https://the-retreat.jp,,,True,True
いいづか補聴器,その他,本町,〒820-0042 福岡県飯塚市本町17-43,0948-24-3346,,,,False,True
いけす鯛吉,その他,吉原町,〒820-0040 福岡県飯塚市吉原町11-18,0948-22-2266,https://taiyoshi.com/,,,False,True
いづみや,精肉店,西徳前,〒820-0031 福岡県飯塚市西徳前9-16,0948-22-1919,,,,True,True
うぐいす台電器,家電販売,大分,〒820-0712 福岡県飯塚市大分1324-12,0948-72-1616,,,,True,True
うどんそば処あぐんちゃ,うどん・そば店,忠隈,〒820-0071 福岡県飯塚市忠隈489−1,0948-21-1188,,,,False,True
うどんそば処百花亭,うどん・そば店,柏の森,〒820-0011 福岡県飯塚市柏の森55-1,0948-29-0317,,,,False,True
うなぎの大浦屋,うなぎ料理店,吉原町,〒820-0102 福岡県飯塚市吉原町1-10,0948-23-9787,,,,False,True
うりゅう鍼灸院,鍼灸院,鯰田,〒820-0001 福岡県飯塚市鯰田564-6,0948-24-7889,,,,True,True
おしゃれハウスアモ,化粧品専門店,柏の森,〒820-0011 福岡県飯塚市柏の森516-1,0948-22-5306,,,,True,True
おでん炭火焼眞次郎,居酒屋,新飯塚,〒820-0005 福岡県飯塚市新飯塚14-2 遠賀ビル1F,0948-28-2055,,,,True,True
おの庄,寿司店,柏の森,〒820-0011 福岡県飯塚市柏の森1038-2,0948-22-7044,,,,True,True
おふくろ,和食店,本町,〒820-0042 福岡県飯塚市本町6-6,0948-22-5833,,,,False,True
お好み焼きむらた,お好み焼き,小正,〒820-0905 福岡県飯塚市小正461-11,0948-22-4870,,,,True,True
お茶とお食事処森山,和風カフェ,綱分,〒820-0101 福岡県飯塚市綱分1806-2,0948-82-3007,http://oshokuji-moriyama.com/,,,True,True
かにすけ,水産物直売所,堀池,〒820-0070 福岡県飯塚市堀池154-2,0948-26-2800,https://sanyufoods-kanisuke.com/,,,False,True
かほ兵衛の台所,ファーマーズマーケット,鶴三緒,〒820-0014 福岡県飯塚市鶴三緒1151-1,0948-52-6080,http://www.ja-f-kaho.or.jp/,,https://www.instagram.com/kahobees_kitchen,True,True
かめ屋質店,質屋（貴金属・ブランド品買取）,吉原町,〒820-0040 福岡県飯塚市吉原町7-21,0948-25-6661,https://www.kameya-shititen.com,,,True,True
かやのもり音楽Cafｅ Ｓｉｎｏｓ,カフェ,柏の森,〒820-0011 福岡県飯塚市柏の森92-350,0948-80-6194,,,@cafe.sinos,True,True
かやの森カフェ,カフェ,柏の森,〒820-0011 福岡県飯塚市柏の森1-28,0948-29-3558,https://forest-for-rest.com/kayanomori-cafe.html,,,False,True
からあげ大将飯塚本店,その他,菰田西,〒820-0017 福岡県飯塚市菰田西2-4-12,0948-23-1980,http://www.karaage-taisho.com,,,True,True
きっずえんじぇる飯塚店,その他,柏の森,〒820-0011 福岡県飯塚市柏の森542-11,0948-23-0501,,,,True,True
きど葬祭やまさ飯塚斎場,その他,潤野,〒820-0021 福岡県飯塚市潤野860-1,0948-29-4242,https://www.kidosousai.com/saijyo/iizuka/,,,True,True
きものたかた,着物屋,宮町,〒820-0069 福岡県飯塚市宮町2-7,0948-22-3121,https://kimono-takata.jp,,,True,True
くいもん家あじと,居酒屋,柏の森,〒820-0011 福岡県飯塚市柏の森649-3,0948-25-5580,https://tabelog.com/fukuoka/A4007/A400702/40033149/,,,False,True
くすりのハッピー 潤野店,ドラッグストア・調剤薬局,潤野,〒820-0021 福岡県飯塚市潤野885-33,0948-26-4557,,,,True,True
くすりのハッピー川津店,ドラッグストア,川津,〒820-0067 福岡県飯塚市川津266-2,0948-28-5562,https://map.sinseido-co.jp/detail/310/,,,True,True
くすりのハッピー庄内店,調剤薬局併設型ドラッグストア,有安,〒820-0111 福岡県飯塚市有安691,0948-82-2480,https://map.sinseido-co.jp/detail/330/,,,True,True
くすりのヤスタケ穂波店,ドラッグストア,枝国,〒820-0081 福岡県飯塚市枝国長浦666-48 イオン穂波店1F,0948-26-1721,,,,True,True
くにまる酒店,酒販店,津原,〒820-0086 福岡県飯塚市津原649-5,0948-25-3033,,,,False,True
くまがい釣具,釣具店,鯰田,〒820-0001 福岡県飯塚市大字鯰田461-9,0948-22-0833,https://f-kumagai.jp,,,True,True
くらや,うどん・そば屋,仁保,〒820-0115 福岡県飯塚市仁保8,0948-82-3839,,,,True,True
けいこ美容室,教育・習い事,新飯塚,〒820-0103 福岡県飯塚市新飯塚8-12,,,,,False,True
げんき屋,飲食店,川津,〒820-0067 福岡県飯塚市川津283-1,080-3372-0209,https://y-genkiya.com/,,https://www.instagram.com/yakitori_genkiya/,True,True
ご馳走家むつごろう,居酒屋・寿司,新飯塚,〒820-0005 福岡県飯塚市新飯塚15-5,0948-22-3816,https://mutugorou.jp,,,True,True
さかえ屋 平恒おやつshop,お菓子販売店,平恒,〒820-0073 福岡県飯塚市平恒432-6,0948-22-1802,http://sakaeya.co.jp,,,False,True
しまづ者,海鮮居酒屋,本町,〒820-0042 福岡県飯塚市本町8-7,0948-21-0197,,,,True,True
しらゆり会館小竹・頴田会場,葬儀式場,勢田,〒820-1111 福岡県飯塚市勢田1089-1,0948-92-1919,https://www.yamasou1919.co.jp/ceremonial-hall/7/detail,,,True,True
しらゆり会館飯塚・上三緒会場,斎場,上三緒,〒820-0013 福岡県飯塚市上三緒871-9,0948-21-3444,https://www.yamasou1919.co.jp/ceremonial-hall/8/detail,,,True,True
しらゆり会館飯塚・鯰田会場,葬儀場,鯰田,〒820-0001 福岡県飯塚市鯰田2324-1,0948-26-3112,https://www.yamasou1919.co.jp/ceremonial-hall/9/detail,,,True,True
たい焼山口屋,その他,飯塚,〒820-0041 福岡県飯塚市飯塚18-5,0948-24-9084,,,,False,True
たこ吉,その他,本町,〒820-0042 福岡県飯塚市本町13-30,0948-22-4169,,,,False,True
たまごん工房,その他,佐與,〒820-1113 福岡県飯塚市佐与1709-2,0948-92-6844,https://www.rannoshou.jp,,https://www.instagram.com/tamagonfactory/,True,True
たまや毛糸店,毛糸店,本町,〒820-0042 福岡県飯塚市本町8番26号,,,,,False,True
だがしのお店だがシステム,駄菓子屋,飯塚,〒820-0041 福岡県飯塚市飯塚12-20ファインウエストビル1F 店舗E,090-2396-4128,,,@dagasystem,True,True
だがし家 ちゃりんこ,駄菓子屋,菰田西,〒820-0070 福岡県飯塚市堀池29-1 ゆめタウン飯塚 2階,,https://www.dagashiyacharinko.com/shops,,,False,True
ちろりん村とくるみの木,洋食屋,幸袋,〒820-0066 福岡県飯塚市幸袋239,0948-24-5810,http://chirorinmura.cafe.coocan.jp/,,,False,True
てんぐ風呂住設,住宅設備販売・修理,菰田西,〒820-0017 福岡県飯塚市菰田西3丁目3-2,0948-22-3665,https://www.iizukatengufuro-jyaguchi.com,,,False,True
でんきのパワフル相田店,家電量販店,相田,〒820-0052 福岡県飯塚市相田3-38,0948-24-0192,,,,True,True
ともや玩具店,おもちゃ屋,飯塚,〒820-0041 福岡県飯塚市飯塚12-14,0948-22-1271,http://tomoya-doll-toy.com/,,,True,True
とりさし梅松 福岡飯塚店,不明,本町,,,,,,True,True
とり久,飲食店（弁当仕出し・料理仕出し）,小正,〒820-0089 福岡県飯塚市小正554-1,0948-25-5003,,,,True,True
とんかつ専門店うめーや,とんかつ専門店,太郎丸,〒820-0076 福岡県飯塚市太郎丸523-4,0948-24-6731,,,,False,True
とんかつ専門店ふくや,その他,本町,〒820-0042 福岡県飯塚市本町5-17,0948-22-2022,,,@fukuya_iizuka,False,True
どんどん亭 柏の森店,その他,柏の森,〒820-0011 福岡県飯塚市柏の森162-3,0948-28-8512,https://www.dondontei.com/shop/kayanomori-fukuoka/,,,True,False
なか六新鮮屋,その他,阿恵,〒820-0704 福岡県飯塚市阿恵360,0948-52-6183,,,,True,True
なんばん往来本店,洋菓子店,堀池,〒820-0070 福岡県飯塚市堀池128-1,0948-26-0111,https://nanban-ourai.com/pages/store-info,,,True,True
にくたま工房Loin,おにぎり店,飯塚,〒820-0017 福岡県飯塚市菰田西1-9-12,090-3416-4413,,,https://www.instagram.com/nikutama.koubou.loin4413,False,True
にこにこ亭,飲食店,中,〒820-0065 福岡県飯塚市中431-6,0948-25-1810,,,,True,True
にじいろ整体セラピー,整体院,飯塚,〒820-0041 福岡県飯塚市飯塚18-3元野木書店ビル1F,090-4241-9480,,,,True,True
のがみプレジデントホテル,ホテル・宿泊業、飲食業、婚礼・宴会場,新立岩,〒820-0004 福岡県飯塚市新立岩12-37,0948-22-3840,http://www.nogami-p-hotel.jp,,,True,True
のがみプレジデントホテル 中国料理のがみ大飯店,中国料理店,新立岩,〒820-0004 福岡県飯塚市新立岩12-37,0948-22-3840,http://www.nogami-p-hotel.jp/restaurant/rest2.php,,,True,True
のがみプレジデントホテル 和食処 日本海,和食店,新立岩,〒820-0004 福岡県飯塚市新立岩12-37 のがみプレジデントホテル 1F,0948-22-3840,http://www.nogami-p-hotel.jp/restaurant/rest1.php,,,True,True
はちみつショップ natural selection acatuki,はちみつ販売,山倉,〒820-0101 福岡県飯塚市山倉1449-1,0948-27-5588,https://natural-selection-acatuki.com/,,https://www.instagram.com/natural_selection_acatuki/,True,True
はとや ルナ店,衣料品店,本町,〒820-0042 福岡県飯塚市本町10-18,0948-29-0747,,,,True,True
はないちもんめ,洋菓子店・カフェ,堀池,〒820-0070 福岡県飯塚市堀池155-8,0948-24-1232,,,,True,True
ひいらぎ,鮮魚店,本町,福岡県飯塚市本町15-33,0948-25-6196,,,,False,True
ひよ子本舗吉野堂 ゆめタウン飯塚店,菓子販売店,菰田西,〒820-0017 福岡県飯塚市菰田西3-6-1,0948-52-6773,,,,True,True
ひよ子本舗吉野堂 イオン穂波店,菓子販売,枝国,〒820-0081 福岡県飯塚市枝国666-48 イオン穂波1F,0948-26-1245,,,,True,True
ひよ子本舗吉野堂 飯塚工場売店,和菓子屋,楽市,〒820-0074 福岡県飯塚市楽市538-1,0948-23-0745,https://www.hiyoko.co.jp/company/factory.html,,,True,True
ひよ子本舗吉野堂 飯塚本店,和菓子屋,本町,〒820-0042 福岡県飯塚市本町15-1,0948-22-0145,http://hiyoko.co.jp/,,,True,True
ふくおか安心安全ショップ,その他,小正,〒820-0089 福岡県飯塚市小正60-1,0078-6045-3762,,,,True,True
ふくまＤＥＮＫＩ,家電量販店,中,〒820-0065 福岡県飯塚市中335-1,0948-22-3965,,,,True,True
ふたせ饅頭本舗,和菓子屋,伊岐須,〒820-0053 福岡県飯塚市伊岐須295-13,0948-22-1384,http://www.futaman.com,,,True,True
ふらってぃーのドッグカフェ,ドッグカフェ,中,〒820-0065 福岡県飯塚市中353,0948-43-9028,https://www.flattyroom.com/dogcafe.html,,,True,True
ふらんす料理 平野,フランス料理店,上三緒,〒820-0013 福岡県飯塚市上三緒443-146,0948-21-2192,https://hirano-fr.com,https://www.facebook.com/fr.hirano/,,True,True
ほとめき市場 一太郎,鮮魚店,鯰田,〒820-0001 福岡県飯塚市鯰田1646-43,0948-22-6611,http://1taro.jp/hotomeki/,,,True,True
まるまんフィオーレ,化粧品販売,菰田西,〒820-0017 福岡県飯塚市菰田西3丁目6番1号 ゆめタウン飯塚店 1F,0948-52-3426,https://www.maruman-fiore.co.jp/shop/iiduka/,,,True,True
みそらぼ,味噌加工品販売,横田,〒820-0044 福岡県飯塚市横田515-1 ラグエクリュA-3,050-5216-3400,https://misolabo.com,,,True,True
みどりや,繊維/衣料/装飾品店,本町,〒820-0042 福岡県飯塚市本町15-7,0948-22-1903,,,,False,True
みんなでごはん 穂のさろん,その他,弁分,〒820-0088 福岡県飯塚市弁分340-1,0948-25-8090,https://minnnadegohannhonosaronn.jimdofree.com,,,True,True
めがねのツカハラ,メガネ販売,堀池,〒820-0070 福岡県飯塚市堀池155-3 中村ビル1F,0948-29-3610,http://meganenotsukahara.com,,,True,True
めし屋ーHAKUー,その他,潤野,〒820-0021 福岡県飯塚市潤野996,080-3957-5899,,,https://www.instagram.com/daisy20110203haku,True,True
めん処大助 花瀬店,その他,花瀬,〒820-0045 福岡県飯塚市花瀬3-1,0948-24-8872,,,,False,True
もつ家,焼肉屋,中,〒820-0065 福岡県飯塚市中350-8,0948-80-7008,,,https://www.instagram.com/motsuya_yakiniku,True,True
もつ鍋 やじろべえ飯塚店,もつ鍋居酒屋,柏の森,〒820-0011 福岡県飯塚市柏の森516の2,0948-21-0333,https://yajirobe.net,,,True,True
もりまさ薬局,調剤薬局,上三緒,〒820-0013 福岡県飯塚市上三緒177番地22,0948-21-1212,,,,True,True
もり田のからあげ,からあげ店,口原,〒820-1114 福岡県飯塚市口原338-1,0948-92-3666,,,,False,True
もり田のからあげ 穂波店,からあげ・手羽先の惣菜販売店,南尾,〒820-0072 福岡県飯塚市南尾400-2,0948-22-6566,,,,False,True
やきとり 幸ちゃん,焼き鳥屋,下三緒,〒820-0103 福岡県飯塚市下三緒35-325,,,,,False,True
やきとりの炭活,焼き鳥居酒屋,吉原町,〒820-0040 福岡県飯塚市吉原町8-47 新川ビル1階,0948-21-6070,,,,True,True
やま志,蕎麦屋,小正,〒820-0089 福岡県飯塚市小正29-1,0948-21-0738,https://www.mendokoro-yamashi.com,,,False,True
や台ずし飯塚バスターミナル本町,寿司居酒屋,吉原町,〒820-0040 福岡県飯塚市吉原町11-3,0948-21-3328,https://yossix-shop.com/detail/4088/,,,True,True
ゆめタウン飯塚,その他,菰田西,〒820-0017 福岡県飯塚市菰田西三丁目6番1号,0948-30-1200,https://www.izumi.jp/tenpo/iizuka,,,True,True
ゆめマート花瀬,その他,花瀬,,,,,,True,True
ゆめマート飯塚,食品スーパーマーケット,吉原町,〒820-0040 福岡県飯塚市吉原町6-1,0948-22-3770,https://www.youme-kitakyushu.co.jp/store/452iizuka.htm,,,True,True
よしの米穀合同会社,その他,北古賀,,,,,,True,True
わた惣,その他,本町,,,,,,True,True
アイアイだいぶ,100円ショップ,大分,〒820-0712 福岡県飯塚市大分1510-20,0948-43-2700,,,,True,True
アエナゆめタウン飯塚店,コスメ・雑貨販売,菰田西,〒820-0017 福岡県飯塚市菰田西三丁目６-１ ゆめタウン飯塚１階,0948-52-5711,https://www.aena.co.jp/shop/,,,True,True
アキモト酸素,ガス・燃料販売（プロパンガス、医療用酸素、工業用ガス等）,川津,〒820-0067 福岡県飯塚市川津95-131,0948-25-8111,http://sanso.akimoto-g.com,,,False,True
アベイル堀池店,古着屋,堀池,〒820-0070 福岡県飯塚市堀池103-2,0948-43-8086,https://www.shimamura.gr.jp/shop/map_detail_7922.html,,,False,True
アベタ・ソレイユ/ヴァーグ,レディースセレクトショップ,本町,〒820-0026 福岡県飯塚市本町2-19,0948-22-2524,,,,True,True
アラミアルーアン,まつげサロン,綱分,〒820-0101 福岡県飯塚市綱分1378-18,090-5470-8992,https://aramiah-ruang.jimdofree.com,,,True,True
アルソア Ｄｏ,美容サロン,立岩,〒820-0003 福岡県飯塚市立岩1506-12,0948-28-7290,,,,True,True
アルゾ飯塚幸袋店,食品ディスカウンター,中,〒820-0065 福岡県飯塚市中227-1,0948-55-0980,https://www.alzo.co.jp/stores/datail-0092,,,True,True
アロマ クローバー,化粧品販売,中,,,,,,False,True
アンコルド パン,パン屋,川津,〒820-0067 福岡県飯塚市川津194-2,0948-28-8206,,https://www.facebook.com/アンコルドパン,https://www.instagram.com/encore_du_pain.1996,True,True
アンジョルノカフェ,カフェ,新飯塚,〒820-0005 福岡県飯塚市新飯塚7-33,0948-23-8011,,,,True,True
アントス（株）,シロアリ駆除・害虫駆除業,上三緒,〒820-0013 福岡県飯塚市上三緒172-1,0948-29-3535,https://antoss.jp,,,True,True
アートギャラリー紅椿,和雑貨販売,本町,〒820-0042 福岡県飯塚市本町16-8,0948-22-1660,,,,True,True
アーユルヴェーダサロンエルフローラ,アーユルヴェーダサロン,宮町,〒820-0069 福岡県飯塚市宮町2-8 2F,0948-43-8864,http://elflora7.sakura.ne.jp/index.html,,,True,True
アールテックシステム株式会社,不明,川津,〒820-0067 福岡県飯塚市川津369-3,0948-23-1769,,,,True,True
イエローハット飯塚店,その他,若菜,〒820-0082 福岡県飯塚市若菜263-23,0948-22-3555,https://www.yellowhat.jp/yellowhat/store/store_information?store_code=0531,,,True,True
イオン穂波ショッピングセンター,その他,枝国,〒820-0081 福岡県飯塚市枝国長浦666-48,0948-26-1717,http://honami.aeonkyushu.com,,,True,True
イオン穂波店ショッピングセンター同友店会,その他,枝国,〒820-0081 福岡県飯塚市枝国長浦666-48,,,,,False,True
インテリアクラヤ,カーテン専門店,飯塚,〒820-0041 福岡県飯塚市飯塚12-9,0948-23-0818,https://interior-kuraya.jimdo.com/,,,True,True
ウエスト飯塚店うどんコーナー,その他,枝国,〒820-0081 福岡県飯塚市枝国216-4,0948-29-1946,https://www.shop-west.jp/store/detail.php?id=29,,,True,True
ウエスト飯塚店焼肉コーナー,焼肉店,枝国,〒820-0081 福岡県飯塚市枝国216-5,0948-25-1220,https://www.shop-west.jp/store/122.html,,,True,True
エクセルブランチ,洋食店,枝国,〒820-0081 福岡県飯塚市枝国218-1,0948-24-8139,,http://www.facebook.com/excelbranch,,False,True
エステサロン シャルール,エステサロン,柏の森,〒820-0011 福岡県飯塚市柏の森473-6,0948-29-5011,https://tabelog.com/fukuoka/A4007/A400702/40049036/,,,True,True
エステサロンKENKEN,エステサロン,枝国,〒820-0081 福岡県飯塚市枝国363-3,090-9476-4034,https://www.salonkenken.com,,,False,True
エディオン飯塚店,家電量販店,弁分,〒820-0088 福岡県飯塚市弁分16-1,0948-26-0725,https://search.edion.co.jp/e_store/spot/detail?code=0000000973,,,True,True
エトウ時計店 イオン穂波店,時計宝石販売,枝国,〒820-0081 福岡県飯塚市枝国666-48 イオン穂波店1F,0948-22-6622,https://eto-group.net,,,True,True
エム・ドリーム,洋服店,本町,〒820-0042 福岡県飯塚市本町14-5,0948-24-6882,,,,False,True
エースタクシー,タクシー,有井,〒820-0112 福岡県飯塚市有井212-1,0948-31-1990,,,,True,True
オアシス珈琲,その他,堀池,〒820-0070 福岡県飯塚市堀池133-9,0948-26-1555,https://oasis-coffee.net/company/,,,True,True
オレンジタクシー(株),その他,川津,〒820-0067 福岡県飯塚市川津367-2,0948-22-0023,https://www.orangetaxi-iizuka.com/,,,False,True
オンデーズ イオン穂波店,眼鏡・サングラス販売,枝国,〒820-0081 福岡県飯塚市枝国長浦666-48 イオン穂波ショッピングセンター 2F,0120-900-298,https://www.owndays.com/jp/ja/shops/544,,,True,True
オートバックス飯塚,カー用品店,堀池,〒820-0070 福岡県飯塚市堀池249-1,0948-28-2622,https://shop.autobacs.com/ja/retail/shops/510757,,,True,True
オーラッキーズクラブ,その他,川津,〒820-0067 福岡県飯塚市川津730,0948-26-5577,https://gas777.jp/carlife/oluckys-club/,,,True,True
カットハウスゼロ,美容室,伊岐須,〒820-0053 福岡県飯塚市伊岐須157,0948-23-4813,,,,False,True
カメラのキタムラ ゆめタウン飯塚店,写真機・写真材料小売業,菰田西,〒820-0017 福岡県飯塚市菰田西3丁目6番1号ゆめタウン飯塚2階,0948-43-4363,https://www.kitamura.jp/,,,True,False
カラオケともやん,カラオケ店,本町,〒820-0028 福岡県飯塚市本町16-25,0948-22-5678,,,,False,True
カラオケリズミカル サンタス飯塚店,カラオケボックス,中,〒820-0065 福岡県飯塚市中330-1,0948-43-9400,https://sharekara.com,,,True,True
カラオケ＆カフェ ＲＥＶＯ,カラオケボックス,柏の森,〒820-0011 福岡県飯塚市柏の森56番11号,0948-43-8806,http://revo33.jp,,,True,True
カレーショップ華月,カレー店,吉原町,〒820-0040 福岡県飯塚市吉原町10-10,0948-22-2848,,,,False,True
カレーハウスCoCo壱番屋飯塚柏の森店,カレー専門店,柏の森,〒820-0011 福岡県飯塚市柏の森153番地3,0948-26-0006,,,,False,True
カレーハウスＣＯＣＯ壱番屋飯塚若菜店,カレー専門店,若菜,〒820-0082 福岡県飯塚市若菜200-10,0948-21-3455,https://tenpo.ichibanya.co.jp/map/2745/,,,False,True
カーネル食堂,東南アジア料理店,本町,〒820-0042 福岡県飯塚市本町7-28 ザ・ズームビル 2F,,,https://www.facebook.com/カーネル食堂-112589980447974/,https://instagram.com/karnelshokudou,False,True
ガスのアイプロ,LPガス販売,枝国,〒820-0081 福岡県飯塚市枝国507番地,0948-22-1234,https://www.i-pro.co.jp,,,True,True
キャスティング飯塚店,釣具店,枝国,〒820-0081 福岡県飯塚市枝国216-4,0948-22-0101,http://castingnet.jp/,,,True,True
クイックショット,写真スタジオ,立岩,,070-9122-3644,https://quickshot.shopinfo.jp,,,True,True
グッデイ庄内店,その他,有安,〒820-0111 福岡県飯塚市有安440-1,0948-82-0456,https://gooday.co.jp/,,,True,True
グッデイ飯塚店,その他,川島,〒820-0002 福岡県飯塚市川島696,0948-25-5855,https://gooday.co.jp/,,,True,True
グリーンベルトタクシー,その他,川津,〒820-0067 福岡県飯塚市川津276-2,0948-22-1306,http://greenbelt-taxi.com,,,False,True
グルメ寿司貫べえ飯塚店,回転寿司,堀池,〒820-0070 福岡県飯塚市堀池260-1,0948-52-7272,https://sites.google.com/view/kanbe-iizuka,,,False,True
グーテンターク,ケーキ店,西町,〒820-0043 福岡県飯塚市西町7-43,0948-28-0768,,https://ja-jp.facebook.com/Gutentagiizuka/,,True,True
ケイターズ（AUTO GARAGE KEITA'S）,自動車ディーラー,堀池,〒820-0070 福岡県飯塚市堀池186-5,0948-43-3711,,https://www.facebook.com/Vehicle-Company/AUTO-GARAGE-KEITAS-268853063302536/?locale2=ja_JP,,True,True
ケンタッキーフライドチキン飯塚かやの森店,ファストフード店,柏の森,〒820-0011 福岡県飯塚市柏の森56-1,0948-26-1216,,,,True,True
ケンタッキーフライドチキン飯塚秋松店,ファストフード店,秋松,〒820-0083 福岡県飯塚市秋松864-1,0948-21-6800,,,,True,True
ケーズデンキ飯塚店,家電量販店,秋松,〒820-0083 福岡県飯塚市秋松68番地,0948-21-6060,https://www.ksdenki.com/shop/s/s0533225/,,,True,True
コトツキ、,自然食関連,花瀬,〒820-0045 福岡県飯塚市花瀬148-2,0948-21-2387,,,https://instagram.com/coto_tuki?igshid=YmMyMTA2M2Y=,True,True
コメダ珈琲店飯塚川津店,喫茶店,横田,〒820-0044 福岡県飯塚市横田65-7,0948-22-1222,https://www.komeda.co.jp/shop/detail.html?id=798,,,False,True
コメリパワー飯塚店,ホームセンター,太郎丸,〒820-0076 福岡県飯塚市太郎丸1171番2,0948-26-6612,https://www.komeri.com/shop/storeSearch/storeDetail.aspx?id=1023,,,True,False
コヤンサラム,不明,下三緒,,,,,,False,True
コーヒーミルククレイジー,子供服のセレクトショップ,柏の森,〒820-0011 福岡県飯塚市柏の森605-13,0948-24-6785,http://coffeemilkcrazy.com,,,True,True
サイクルセンターはやしだ,その他,長尾,〒820-0701 福岡県飯塚市長尾1234,0948-72-0023,,,,False,True
サイクルセンターはらぐち,自転車販売・修理,柏の森,〒820-0011 福岡県飯塚市柏の森1038-11,0948-23-2724,,,,False,True
サウンドダイニング音色,バー,柏の森,〒820-0011 福岡県飯塚市柏の森500-2,0948-52-6939,https://tabelog.com/fukuoka/A4007/A400702/40050650/,,,True,True
サラン,不明,吉原町,〒820-0040 福岡県飯塚市吉原町6-1,0948-29-1100,,,,False,True
サロンドボーテ スミレ,その他,飯塚,〒820-0041 福岡県飯塚市飯塚19-18,0948-22-0826,https://www.salon-de-beaute-sumire.com/,,,False,True
サンエトワール新飯塚店,パン屋,芳雄町,〒820-0018 福岡県飯塚市芳雄町4-20,0948-26-1310,,,,True,True
サンドラッグ九工大前店,ドラッグストア,川津,,,,,,True,True
サンドラッグ穂波店,その他,秋松,〒820-0083 福岡県飯塚市秋松916-1,0948-26-1231,https://cs.sundrug.co.jp/cs/shop/2033/,,,True,True
サーティワンアイスクリーム ゆめタウン飯塚店,アイスクリーム店,菰田西,〒820-0017 福岡県飯塚市菰田西3-6-1 ゆめタウン飯塚 2F,0948-23-1031,,,,True,True
サーティワンアイスクリームイオン穂波店,その他,枝国,〒820-0081 福岡県飯塚市枝国長浦666-48,0948-26-1731,,,,True,True
サーティワンアイスクリーム飯塚かやの森店,その他,柏の森,〒820-0011 福岡県飯塚市柏の森56-1,,https://store.31ice.co.jp/31ice/spot/detail?code=0000000070,,,True,True
システムハウジングタイセイ,電気工事,鯰田,〒820-0001 福岡県飯塚市鯰田1716-1,0948-23-5156,https://taisei.sh,,,False,True
シモカワ通信,電気通信工事,若菜,〒820-0082 福岡県飯塚市若菜256-105,0948-25-7676,https://www.simokawa.co.jp,,,True,True
シャトレーゼ柏の森店,菓子専門店,柏の森,〒820-0011 福岡県飯塚市柏の森大谷8-5,0948-28-3388,https://www.chateraise.co.jp/ec/shop/o661102/,,,True,True
シャトレーゼ飯塚弁分店,お菓子屋,弁分,〒820-0088 福岡県飯塚市弁分字平屋敷193番6,0948-26-6755,https://www.chateraise.co.jp/ec/shop/o661020/,,,False,True
シャンソン化粧品ＣＥサロン ’elua,フェイシャルエステサロン,新飯塚,〒820-0005 福岡県飯塚市新飯塚17-13,0948-22-2545,,,,True,True
シュープラザ飯塚店,靴屋,弁分,〒820-0088 福岡県飯塚市弁分門ノ町15-7,0948-26-8200,https://stores.chiyodagrp.co.jp/store/33166.html,,,True,True
ジャンボパンチ希林,バッティングセンター,秋松,〒820-0083 福岡県飯塚市秋松947,0948-21-2188,,,,True,True
ジャーマンベーカリー飯塚花瀬店,洋菓子店,花瀬,〒820-0045 福岡県飯塚市花瀬71-1,0948-43-3908,https://www.germanbakery-1932.com,,https://www.instagram.com/germanbakery1932/,True,True
ジュエリーシモカワ,ジュエリー販売・質屋,宮町,,,,,,True,True
ジンギスバル滝川本店,ジンギスカン専門店・居酒屋,新飯塚,〒820-0005 福岡県飯塚市新飯塚14-6,0948-29-5153,https://jingisukan-takikawa.com/,,,True,True
ジーンズショップナカムラ,その他,飯塚,〒820-0041 福岡県飯塚市飯塚12-22,0948-22-6834,,,,True,True
スイフンガ,その他,新飯塚,〒820-0005 福岡県飯塚市新飯塚19-30,0948-22-1207,,,,False,True
スタジオマリオ ゆめタウン飯塚店,その他,菰田西,〒820-0017 福岡県飯塚市菰田西3丁目6番1号ゆめタウン飯塚2階,0948-43-8230,https://www.studio-mario.jp/blogs/40/6288/,,,True,False
ステーキハウス 三田屋,ステーキハウス,太郎丸,〒820-0076 福岡県飯塚市太郎丸757-13,0948-29-3313,https://www.kobesandaya.co.jp/store/iizuka/,,,True,True
ステーキビストロWaltz,ステーキビストロ,中,〒820-0065 福岡県飯塚市中177-1,0948-96-8620,https://bistro-waltz.com,,https://www.instagram.com/bistro_waltz,True,True
ストロベリーファーム,衣料品店,楽市,〒820-0074 福岡県飯塚市楽市308-1,0948-25-8857,,,,False,True
スナック・パンダ,スナック,飯塚,〒820-0041 福岡県飯塚市飯塚2-27,0948-22-7015,,,,False,True
スーパーASO 潤野店,スーパーマーケット,潤野,〒820-0021 福岡県飯塚市潤野52-1,0948-24-3421,,,,True,True
スーパーセンタートライアル上三緒店,その他,上三緒,〒820-0013 福岡県飯塚市上三緒1-7,0948-26-7676,https://www.trial-net.co.jp/shops/50/,,,True,True
スーパーセンタートライアル飯塚庄内店,スーパーマーケット,有安,〒820-0111 福岡県飯塚市有安719番地2,0948-96-8120,https://www.trial-net.co.jp/shops/736/,,,True,True
スーパーセンタートライアル飯塚店,スーパーマーケット,徳前,〒820-0033 福岡県飯塚市徳前40-1,0948-26-2229,https://www.trial-net.co.jp/shops/49/,,,True,True
スーパーマーケットASO新飯塚店,情報不足のため特定不可,芳雄町,〒820-0018 福岡県飯塚市芳雄町1952,0948-22-8750,https://www.superaso.jp/shop_list/,,,True,True
スーパー川食庄内店,食品スーパーマーケット,有安,〒820-0111 福岡県飯塚市有安429-1,0948-82-1161,http://www.kawashoku.jp/shokusaikan/shopshoukai/shounai/,,,True,True
スーパー川食筑穂店,食品スーパーマーケット,平塚,〒820-0702 福岡県飯塚市平塚295-2,0948-72-2118,http://www.kawashoku.jp/shokusaikan/shopshoukai/chikuho/,,,True,True
スーパー川食鯰田店,スーパーマーケット,鯰田,〒820-0001 福岡県飯塚市鯰田字築城1751-1,0948-29-5905,http://www.kawashoku.jp/shokusaikan/shopshoukai/namazuta/,,,True,True
スーパーＡＳＯ昭和通店,その他,菰田西,〒820-0017 福岡県飯塚市菰田西2丁目3-34,0948-21-8751,https://www.superaso.jp/,,,True,True
セゾンドぶらんこ,その他,秋松,〒820-0083 福岡県飯塚市秋松748-1,0948-24-8965,,,,True,True
セブンイレブン筑穂中学校前店,その他,長尾,〒820-0701 福岡県飯塚市長尾899-1,0948-72-5011,,,,True,True
セブンイレブン飯塚下三緒店,その他,下三緒,〒820-0012 福岡県飯塚市下三緒296-8,0948-23-8100,,,,True,True
セブンイレブン飯塚伊岐須店,コンビニエンスストア,伊岐須,〒820-0053 福岡県飯塚市伊岐須722-1,0948-21-0766,null,null,null,True,True
セブンイレブン飯塚大分店,コンビニエンスストア,大分,〒820-0712 福岡県飯塚市大分1665-3,0948-72-1701,,,,False,True
セブンイレブン飯塚小正店,コンビニエンスストア,小正,〒820-0089 福岡県飯塚市小正460-2,0948-21-1245,,,,False,True
セブンイレブン飯塚川津店,コンビニエンスストア,川津,〒820-0212 福岡県飯塚市川津359-2,0948-25-1039,,https://www.facebook.com/711.SEJ/?ref=tabelog,https://www.instagram.com/seven_eleven_japan/?hl=it,True,True
セブンイレブン飯塚幸袋店,コンビニエンスストア,幸袋,〒820-0066 福岡県飯塚市幸袋218-7,0948-23-8600,,,,True,True
セブンイレブン飯塚庄内店,小売業（コンビニエンスストア）,綱分,〒820-0101 福岡県飯塚市綱分1566-3,0948-82-4568,,,,True,True
セブンイレブン飯塚庄司店,小売業（コンビニエンスストア）,庄司,〒820-0051 福岡県飯塚市庄司357-1,0948-21-2212,,,,True,True
セブンイレブン飯塚明治橋店,コンビニエンスストア（小売業）,飯塚,〒820-0041 福岡県飯塚市飯塚20-17,0948-29-8727,,,,False,True
セブンイレブン飯塚本町店,コンビニエンスストア,本町,〒820-0028 福岡県飯塚市本町8番1号,0948-22-0877,,,,True,True
セブンイレブン飯塚枝国店,コンビニエンスストア,枝国,〒820-0081 福岡県飯塚市枝国500-4,0948-29-7301,,,,True,True
セブンイレブン飯塚柏の森店,コンビニエンスストア,柏の森,〒820-0011 福岡県飯塚市大字柏の森531-1,0948-25-8123,,,,True,True
セブンイレブン飯塚花瀬店,コンビニエンスストア,花瀬,〒820-0045 福岡県飯塚市花瀬179-1,0948-92-1771,,,,True,True
セブンイレブン飯塚鯰田上町店,コンビニエンスストア,鯰田,〒820-0001 福岡県飯塚市鯰田1956番3,0948-29-2877,,,,True,True
セブンイレブン飯塚鶴三緒店,コンビニエンスストア,鶴三緒,〒820-0014 福岡県飯塚市大字鶴三緒1548-2,0948-24-0170,,,,True,True
セブンスポーツ,スポーツ用品店,新飯塚,〒820-0005 福岡県飯塚市新飯塚23-17,0948-28-9535,,,,False,True
セントラル美容室,美容室,宮町,〒820-0069 福岡県飯塚市宮町13-2,0948-22-5708,https://chikuski.jp/beauty/central/,,,False,True
ゼッテリアイオン穂波店,その他,枝国,〒820-0081 福岡県飯塚市枝国長浦666-48,,https://www.zetteria.jp/,,,True,True
タイヤガーデンBーWAVE,タイヤ販売,川島,〒820-0002 福岡県飯塚市川島231-6,0948-23-8585,http://www.b-wavekaho.co.jp/,,,True,True
タイヤ館飯塚,その他,楽市,〒820-0074 福岡県飯塚市楽市679-1,0948-26-5633,https://www.taiyakan.co.jp/shop/iizuka/,,,True,True
タイラ時計店,時計店,本町,〒820-0042 福岡県飯塚市本町15-8,0948-22-0353,,,,True,True
タイ式マッサージむう庵,その他,有井,〒820-0112 福岡県飯塚市有井334-21 鳥羽テナント2F,090-6426-2666,https://www.salon6an.com,,,True,True
タビーガレージ,キャンピングカーレンタル・販売,本町,〒820-0042 福岡県飯塚市本町2-19-2F,080-3492-2482,https://tabbygarage.com,,,True,True
ダイヤゴルフセンター,ゴルフ練習場,鯰田,〒820-0001 福岡県飯塚市鯰田586-1,0948-25-0033,http://daiya.golf-hp.com/,,,False,True
ダイレックス飯塚店,ドラッグストア,堀池,〒820-0070 福岡県飯塚市堀池87番地1,0948-23-8411,https://www.ds-direx.co.jp/list/detail/7213&search=p,,,True,True
チキン屋とりまる,鶏料理店,川津,〒820-0067 福岡県飯塚市川津357-3,070-7585-1129,https://tabelog.com/fukuoka/A4007/A400702/40051532/,,,False,True
ツアサデンキ,住宅設備,大分,〒820-0101 福岡県飯塚市大分1440-18,0948-72-4061,,,,False,True
ツルハドラッグ 中店,その他,中,〒820-0065 福岡県飯塚市中419-1,0948-43-9980,https://shop.tsuruha-g.com/3951,,,True,True
ツルハドラッグ新飯塚店,ドラッグストア,立岩,〒820-0003 福岡県飯塚市立岩964番32,0948-26-0710,https://www.tsuruha.co.jp/,,,True,True
デラシネ(deracine),婦人服店,堀池,〒820-0070 福岡県飯塚市堀池170-1,0948-23-8787,,,,True,True
トップワンカフェ,カフェ,菰田西,〒820-0017 福岡県飯塚市菰田西3-14-27,070-8900-4676,,,https://www.instagram.com/topone_cafe_111,True,True
ドコモショップ穂波店,携帯電話販売店,忠隈,,,,,,True,True
ドコモショップ飯塚店,携帯電話販売店,片島,〒820-0068 福岡県飯塚市片島3丁目16-15,0948-21-3311,https://shop.smt.docomo.ne.jp/shop_detail/0950051000100/index.html,,,True,True
ドラッグストアコスモス伊岐須店,ドラッグストア,伊岐須,,,,,,True,True
ドラッグストアコスモス堀池店,その他,堀池,〒820-0070 福岡県飯塚市堀池105-1,0948-26-2273,https://www.cosmospc.co.jp/shop/kyushu/fukuoka/66457.html,,,True,True
ドラッグストアコスモス柏の森店,ドラッグストア,柏の森,〒820-0011 福岡県飯塚市柏の森607-3,0948-26-2575,https://www.cosmospc.co.jp/shop/kyushu/fukuoka/63579.html,,,True,True
ドラッグストアコスモス穂波店,ドラッグストア,太郎丸,〒820-0076 福岡県飯塚市太郎丸933,0948-21-8830,https://www.cosmospc.co.jp/shop/kyushu/fukuoka/61674.html,,,True,True
ドラッグストアコスモス筑穂店,小売業（ドラッグストア）,平塚,〒820-0702 福岡県飯塚市平塚294-1,0948-20-3088,https://www.cosmospc.co.jp/shop/kyushu/fukuoka/66747.html,,,True,True
ドラッグストアコスモス花瀬店,ドラッグストア,横田,〒820-0044 福岡県飯塚市横田599,0948-30-3160,https://www.cosmospc.co.jp/shop/kyushu/fukuoka/68239.html,,,True,True
ドラッグストアコスモス近大前店,ドラッグストア,柏の森,〒820-0011 福岡県飯塚市柏の森1-40,0948-26-7111,https://www.cosmospc.co.jp/shop/kyushu/fukuoka/64781.html,,,True,True
ドラッグストアモリ 穂波店,ドラッグストア,椿,〒820-0084 福岡県飯塚市椿119番地の2,0948-43-3773,https://www.doramori.co.jp/store/6316.html/,,,True,True
ドラッグストアモリ飯塚秋松店,ドラッグストア,秋松,〒820-0083 福岡県飯塚市秋松15番地5,0948-96-8722,https://www.doramori.co.jp/store/12327.html,,,True,True
ドラッグ頴田薬局,薬局（ドラッグストア）,口原,〒820-1114 福岡県飯塚市口原924-1,0948-92-5159,,,,True,True
ニトリデコホーム ゆめタウン飯塚店,インテリア雑貨店,菰田西,〒820-0017 福岡県飯塚市菰田西3丁目6-1,0948-30-1200,,,,True,True
ニトリ飯塚店,家具・インテリア小売業,太郎丸,〒820-0076 福岡県飯塚市太郎丸1287-1,094-824-4811,https://shop.nitori-net.jp/nitori/spot/detail?code=0000000316,,,True,True
ニュウファッション神戸,婦人・子供服,菰田西,〒820-0017 福岡県飯塚市菰田西3丁目8-9,0948-25-8003,,,,True,True
ノエビア新飯塚販売会社,化粧品販売,西町,〒820-0043 福岡県飯塚市西町4-13,0948-28-4231,,,,True,True
ノエビア福岡南販売,その他,横田,〒820-0044 福岡県飯塚市横田566-5,0948-29-2855,,,,True,True
ハッピー薬局川津店,その他,川津,〒820-0067 福岡県飯塚市川津266-2,0948-28-5588,,,,True,True
ハッピー薬局庄内店,その他,有安,〒820-0111 福岡県飯塚市有安691,0948-82-2535,https://sinseido-co.jp/map/shounai/,,,True,True
ハローデイ九工大前店,食品スーパーマーケット,川津,,,,,,True,False
ハローデイ柏の森店,スーパーマーケット,柏の森,〒820-0011 福岡県飯塚市柏の森72番地,0948-22-8611,http://www.halloday.co.jp/1098.html,,,True,False
ハローデイ穂波店,スーパーマーケット,秋松,〒820-0083 福岡県飯塚市秋松919,0948-26-0105,http://www.halloday.co.jp,,,True,False
ハーデンベルギア,ベルギービール専門店,川津,〒820-0067 福岡県飯塚市川津395-1,0948-43-9724,,,,False,True
バースデイ 飯塚店,ベビー・子ども用品店,秋松,〒820-0083 福岡県飯塚市秋松964番地1,0948-43-3230,https://www.shimamura.gr.jp/shop/map_detail_3630.html,,,False,True
パスタトピザ ゆめタウン飯塚店,パスタ・ピザ屋,菰田西,〒820-0017 福岡県飯塚市菰田西3-6-1 ゆめタウン飯塚 2F,0948-43-2720,http://www.pastatopizza.net/iizuka/,,,True,False
パソコンドック２４飯塚店,パソコン修理専門店,椿,〒820-0084 福岡県飯塚市椿121-1,0948-26-1441,,,,True,True
パッケージプラザエジマヤ,包装用品・ラッピング資材販売,堀池,〒820-0070 福岡県飯塚市堀池134-6,0948-22-3185,,,,True,True
パティスリー エスポワール,ケーキ店,川津,〒820-0067 福岡県飯塚市川津639-5,0948-43-9343,http://r.goope.jp/espoir/,,@patisserieespoir,True,True
パティスリースペリオール,ケーキ屋,川津,〒820-0067 福岡県飯塚市川津194-2,0948-25-5088,http://patisseriesuperior.com,,https://www.instagram.com/superior20140320,True,True
パティスリーＳＯＮＯＫＩ,その他,忠隈,〒820-0071 福岡県飯塚市忠隈404-4,0948-21-3721,,,https://www.instagram.com/patisserie_sonoki26,True,True
パドドゥ・ル・コトブキ,その他,片島,〒820-0068 福岡県飯塚市片島1-7-62,0948-22-5138,https://www.kotobuki-kaikan.net,,,True,True
パブ珈琲園,その他,飯塚,〒820-0041 福岡県飯塚市飯塚11-25 秋月ビル1F,0948-22-1380,,,,True,True
パリミキ ゆめタウン飯塚店,メガネ店,菰田西,〒820-0017 福岡県飯塚市菰田西3丁目6-1,0948-21-5883,https://shop.paris-miki.co.jp/detail/1567/,,,True,True
パンとお菓子の店Fille de ble’,パン屋,上三緒,〒820-0013 福岡県飯塚市上三緒445-4,0948-88-9441,,,@fille_de_ble,True,True
パンセ アミエ店,美容室,芳雄町,〒820-0018 福岡県飯塚市芳雄町1829-1,0948-21-0184,http://pensee.asia/index.html,,,True,True
パンセ 横田店,美容室,横田,〒820-0044 福岡県飯塚市横田589-1,0948-23-5127,,,,True,True
パーソナルトレーニングスタジオ ボディブレイス,パーソナルトレーニングジム,新飯塚,〒820-0005 福岡県飯塚市新飯塚20-7 プチプロスSR 1F,0948-29-3542,https://bodybrace2018.wixsite.com/bodybrace,,,True,True
パーマネントクラブ,検索結果に該当なし,天道,〒820-0075 福岡県飯塚市天道70-1,0948-23-3031,,,,False,True
パーマハウスＢｅｅ ＳＨＯＷＥＲ,美容室,目尾,〒820-0062 福岡県飯塚市目尾762-1,0948-24-5008,,,,False,True
ヒマラヤ飯塚店,スポーツ用品小売業,弁分,〒820-0088 福岡県飯塚市弁分2-1,0948-25-3042,https://www.himaraya.co.jp/shop_detail/0137,,,True,True
ビアレストラン Ｂーｓｐｏｔ,ビヤホール,西町,〒820-0043 福岡県飯塚市西町2-59 サテライトマンション201,0948-21-0556,,,,True,True
ビッグワン,家電量販店,楽市,〒820-0074 福岡県飯塚市楽市654,0948-22-4888,,,,True,True
ビップエコー飯塚店,その他,秋松,〒820-0083 福岡県飯塚市秋松962-3,0948-23-5226,https://www.vipecho.jp,null,null,True,True
ビューティ アイランド,その他,本町,〒820-0042 福岡県飯塚市本町1-12,0948-26-1566,,,,True,True
ピザハット飯塚楽市店,宅配ピザ・ファーストフードチェーン,南尾,〒820-0072 福岡県飯塚市南尾401-8,0948-22-2810,https://www.pizzahut.jp/,,,True,True
ピザハット飯塚近大前店,ピザ宅配・テイクアウト,有井,〒820-0112 福岡県飯塚市有井354-29,0948-82-2810,https://www.pizzahut.jp/huts/2601,,,True,True
ピッツァリト,イタリアンレストラン,弁分,〒820-0088 福岡県飯塚市弁分128-5,0948-24-9210,,,,True,True
ファッションセンターしまむら穂波店,衣料品店,弁分,〒820-0088 福岡県飯塚市弁分字30-23-5,0948-26-3106,https://www.shimamura.gr.jp/shop/map_detail_2116.html,,,False,True
ファッションセンターしまむら飯塚店,衣料品店,有井,〒820-0112 福岡県飯塚市有井355-1,0948-31-1121,https://www.shimamura.gr.jp/shop/map_detail_2138.html,,,False,True
ファミリーショップそうあい,不明,吉原町,〒820-0040 福岡県飯塚市吉原町7-21,0948-25-6661,,,,True,True
フェイシャルサロン Sakura,フェイシャルサロン,有井,〒820-0112 福岡県飯塚市有井334-21,0948-82-2282,,,https://www.instagram.com,True,True
フジイ進物店,ギフトショップ,飯塚,〒820-0041 福岡県飯塚市飯塚11-26,0948-22-0701,https://giftplaza-fujii.amebaownd.com/,,,True,True
フジキアドワークス(株）,印刷業,伊岐須,〒820-0053 福岡県飯塚市伊岐須490-15,0948-29-3177,https://www.fujikiprinting.co.jp,,,True,True
フジノ酒店,酒屋,伊岐須,〒820-0053 福岡県飯塚市伊岐須148-11,0948-22-2263,http://ww21.tiki.ne.jp/~fujino/sub2.html,,,True,True
フラワーショップはなびより,花屋,弁分,〒820-0088 福岡県飯塚市弁分405-4,0948-28-3764,http://chikuski.jp/shops/lifestyle/iizuka/flower-shop/hanabiyori,,,True,True
フロム,居酒屋,中,〒820-0902 福岡県飯塚市中336-2,0948-25-6741,http://izakaya-from.com,,,True,True
フローリストリスト 花仙,その他,口原,〒820-1114 福岡県飯塚市口原924-1 アンリシール101,0948-92-1014,,,,True,True
フードウェイ新飯塚店,食品スーパー,立岩,〒820-0003 福岡県飯塚市立岩964番地32,0948-21-7077,https://www.foodway.co.jp/,,,True,True
ブランジェリーシュシュ,ベーカリー（パン屋）,潤野,〒820-0021 福岡県飯塚市潤野994-3,0948-23-2401,,,https://www.instagram.com/chou4739,True,True
ブルーミン,ブティック,本町,〒820-0042 福岡県飯塚市本町16-10,0948-21-0432,,,,True,True
プロショップマナベ飯塚店,その他,秋松,〒820-0083 福岡県飯塚市秋松古毛909,0948-29-3912,,,,True,False
ヘアーグラシューラフィネ 西町店,美容院,西町,〒820-0043 福岡県飯塚市西町4-53 トウィンクルビル1F,0948-22-5048,https://hairgracieux-raffine.com/honten/,,,False,True
ヘアーサロン モロオカ,理容室・床屋,平塚,〒820-0702 福岡県飯塚市平塚258-7,0948-72-1458,,,,True,True
ヘアーサロンムラカミ,美容室,鯰田,〒820-0001 福岡県飯塚市鯰田新町552-2,0948-22-4623,,,,True,True
ホットドッグ吉河,ホットドッグ専門店,仁保,〒820-0115 福岡県飯塚市仁保20-2,0948-82-1742,,,,True,True
ホワイトニングショップ飯塚店,ホワイトニング専門店,新飯塚,〒820-0005 福岡県飯塚市新飯塚4-17 プレアール新飯塚402,0948-80-4004,,,,True,True
ホームプラザナフコ頴田店,ホームセンター,佐與,〒820-1113 福岡県飯塚市佐与2362,0948-92-8500,https://www.nafco.life/hc/shop_list/1330/,,,True,True
ホームプラザナフコ飯塚南店,ホームセンター,椿,〒820-0084 福岡県飯塚市椿89-9,0948-25-7361,http://www.nafco.tv/stores/info/detail/69,,,True,True
ボンフカヤ ゆめタウン飯塚店,靴屋,菰田西,〒820-0017 福岡県飯塚市菰田西3丁目6-1 ゆめタウン飯塚内,0948-52-6788,https://bonfukaya.co.jp/pages/shoplist,,https://www.instagram.com/bonfukaya_staff/,True,False
ボーカル教室ユニゾン,ボーカル教室,安恒,〒820-0085 福岡県飯塚市安恒607,080-3184-6404,,,,True,True
マックハウスゆめタウン飯塚店,その他,菰田西,〒820-0017 福岡県飯塚市菰田西3-6-1 ゆめタウン飯塚内,080-5909-3383,https://www.mac-house.co.jp/,,,True,True
マツグマ石油ガス,プロパンガス販売・ガス機器販売,口原,〒820-1114 福岡県飯塚市口原326-13,0120-489-279,https://www.iizuka-gas.com,,,True,True
マリリン イオン穂波店,不明,枝国,〒820-0081 福岡県飯塚市枝国長浦666-48 イオン穂波ショッピングセンター 2F,0948-26-1988,,,,True,True
マルイチ商会,その他,菰田西,〒820-0017 福岡県飯塚市菰田西3-4-1,0948-22-7753,https://www.maruichi.info,,,True,True
ミシンのオズ西日本ミシン販売,その他,柏の森,,,,,,True,True
ミスタータイヤマンパドック飯塚,タイヤショップ,上三緒,〒820-0013 福岡県飯塚市上三緒1-63,0948-25-3011,https://www.mr-tireman.jp/shop/p-iizuka/,,,True,True
ミスターマックス飯塚花瀬店,総合ディスカウントストア,横田,〒820-0044 福岡県飯塚市横田581番地6号,0948-21-0123,https://www.mrmax.co.jp/shops/0000000008/,,,True,True
ミュージアムショップ白蓮,お土産物屋,幸袋,〒820-0066 福岡県飯塚市幸袋300番地,0948-22-9700,,,,True,True
メガネのアイ・ルック,メガネ店,川津,〒820-0067 福岡県飯塚市川津409-2 コスモ8ビル1F,0948-24-0470,http://r.goope.jp/eyelook,,,True,True
メガネのヨネザワ ゆめタウン飯塚店,メガネ店,菰田西,〒820-0017 福岡県飯塚市菰田西3丁目6-1,0948-21-9037,https://store.yonezawa-web.co.jp/detail/148/,,,True,True
メガネのＷＡＤＡ,メガネ店,潤野,〒820-0021 福岡県飯塚市潤野53-1,0948-25-2631,https://www.megane-wada.com,,,True,True
メリーズラム,雑貨店,潤野,〒820-0021 福岡県飯塚市潤野1313-1,0948-28-0570,http://maryslamb.jp,,,True,True
モスバーガー福岡穂波店,ハンバーガー店,椿,〒820-0084 福岡県飯塚市椿192-1,0948-25-0773,https://www.mos.jp/shop/detail/?shop_cd=05244,,,True,True
モスバーガー飯塚かやの森店,ハンバーガー店,柏の森,〒820-0011 福岡県飯塚市柏の森7-1,0948-23-8668,https://www.mos.jp/shop/detail/?shop_cd=01912,,,True,True
モスバーガー飯塚幸袋店,ハンバーガー店,中,〒820-0065 福岡県飯塚市中426-1,0948-26-5131,https://www.mos.jp/shop/detail/?shop_cd=01771,,,True,True
モリタゴルフ桜ヶ丘店,ゴルフ用品店,枝国,〒820-0081 福岡県飯塚市枝国666 桜ヶ丘ゴルフセンター内,0948-43-3771,https://morita-golf.co.jp/golf/sakuragaoka/,,,True,True
ヤマダデンキ テックランド飯塚店,その他,秋松,〒820-0083 福岡県飯塚市秋松837,0948-26-8002,https://www.yamada-denki.jp/store/contents/?d=392,,,True,True
ユゲデンキ,その他,飯塚,〒820-0041 福岡県飯塚市飯塚11番21号,0948-22-0630,http://yugedenki.com,,,True,True
ユニクロ飯塚店,その他,秋松,〒820-0083 福岡県飯塚市秋松866-1,0948-26-7000,https://www.uniqlo.com/jp/ja/,,,True,True
ヨガ、エステサロンs.f &c野上愛子,その他,鯰田,,,,,,True,True
ラバース,婦人・子供服,弁分,〒820-0088 福岡県飯塚市弁分194,0948-24-2893,,,,True,True
ラフィネ サステナブルヘアー,ヘアサロン,中,〒820-0065 福岡県飯塚市中419-1,0948-21-8181,,,,False,True
ラーメンMAPPE,ラーメン店,新飯塚,〒820-0005 福岡県飯塚市新飯塚6-17,090-8229-7946,,,,False,True
ラーメンふじ庵,ラーメン屋,佐與,〒820-1113 福岡県飯塚市佐與1395-1,0949-62-3553,,,,False,True
ラーメン食堂まねしん坊,ラーメン店,目尾,〒820-0062 福岡県飯塚市目尾786-1,0948-52-3855,https://tabelog.com/fukuoka/A4007/A400702/40055103/,,,False,True
リコグリル,バル,飯塚,〒820-0041 福岡県飯塚市飯塚11-24,0948-23-1323,,,,True,True
リフォームおはりばこ,洋服お直し店,菰田西,〒820-0017 福岡県飯塚市菰田西3丁目2-3,0948-24-5873,,,,True,True
リラクゼーションサロン 足癒夢,リラクゼーションサロン・リフレクソロジー,鯰田,〒820-0213 福岡県飯塚市椿123-7,090-3608-1430,,,,True,True
リンガーハット飯塚水江店,その他,片島,〒820-0068 福岡県飯塚市片島2丁目5-2,0948-26-7802,https://shop.ringerhut.jp/detail/r0378/,,,True,True
ルミエール穂波店,その他,楽市,〒820-0074 福岡県飯塚市楽市624-2,0948-21-3240,http://lumiere-ds.com/shops/,,,False,True
レインボーファクトリー飯塚店,リサイクルショップ,伊岐須,〒820-0053 福岡県飯塚市伊岐須642-1,0948-26-4565,https://www.rainbow-f.com/,,,True,True
レストラン明治屋,その他,柏の森,〒820-0011 福岡県飯塚市柏の森43-7,0948-28-7550,,,,True,True
レディバード,その他,東徳前,〒820-0032 福岡県飯塚市東徳前9-22,0948-25-1778,,,,False,True
レンタルフォトスタジオグレープ,レンタルフォトスタジオ,枝国,〒820-0081 福岡県飯塚市枝国513-9,0120-932-005,https://r-grape.jp,,,True,True
ロイヤルホスト飯塚店,ファミリーレストラン,片島,〒820-0068 福岡県飯塚市片島1-7-29,0948-25-1100,https://locations.royalhost.jp/detail/306207/,,,True,True
ローソン飯塚病院店,コンビニエンスストア,芳雄町,〒820-0018 福岡県飯塚市芳雄町3-83,0948-23-5557,,,,True,True
ワイズキッチン,ステーキ・ハンバーグレストラン,柏の森,〒820-0021 福岡県飯塚市柏の森532-3,0948-52-6159,https://yskitchen2018.wixsite.com/info,,,True,True
ワイン食堂GLUGLU,ワイン食堂,柏の森,〒820-0011 福岡県飯塚市柏の森500-2,090-4624-9696,,,,True,True
ヱビス味噌,味噌屋,口原,〒820-1114 福岡県飯塚市口原746,0948-92-1134,http://www.misoyanokitchen.com,,,True,True
ヴィタリコ飯塚店,婦人服,本町,〒820-0042 福岡県飯塚市本町7-24,0948-29-3333,,,,True,True
㈱エコライフ福岡,住宅リフォーム,片島,〒820-0068 福岡県飯塚市片島3丁目16-26,0948-28-7151,https://i05055.wixsite.com/nukaduke,,,True,True
㈱ハクエイ,その他,相田,〒820-0052 福岡県飯塚市相田52-1,0948-21-4816,,,,False,True
一八飯店,中華料理店,柏の森,〒820-0011 福岡県飯塚市柏の森92,0948-25-1771,http://ippachi.net,,,True,True
一膳,カット野菜卸,新飯塚,〒820-0005 福岡県飯塚市新飯塚7-25,0948-29-3818,,,,False,True
三星石油,ガソリンスタンド,片島,〒820-0068 福岡県飯塚市片島2-4-11,0948-22-1565,,,,True,True
三晶自動車,その他,有井,〒820-0112 福岡県飯塚市有井275-1,0948-82-1198,,,,True,True
上島珈琲店飯塚病院店,その他,芳雄町,〒820-0018 福岡県飯塚市芳雄町3-83 飯塚病院1F,0948-22-8878,https://www.ueshima-coffee-ten.jp/,,,True,True
上田種苗園,その他,堀池,〒820-0070 福岡県飯塚市堀池153-1,0948-23-1076,http://uedaseedsstore.web.fc2.com,,,False,True
世界のハンバーグ ポパイ,ハンバーグ店,花瀬,〒820-0045 福岡県飯塚市花瀬202-1,0948-24-8275,,,,False,True
中央モータース,自動車整備・販売,片島,〒820-0068 福岡県飯塚市片島2-3-8,0948-22-2110,https://chuoh-motors.com,,,True,True
中嶋プロパン瓦斯,プロパンガス販売店,川島,〒820-0002 福岡県飯塚市川島588,0948-22-1118,https://www.nakashima-lpg.com,,,False,True
中田友文堂,印鑑・ハンコ,飯塚,〒820-0041 福岡県飯塚市飯塚10-5,0948-22-1618,,,,False,True
串かつ 壱番串,串カツ屋,柏の森,〒820-0011 福岡県飯塚市柏の森503-1,0948-25-2850,,,,True,True
串亭なかむら,串揚げ店,相田,〒820-0905 福岡県飯塚市相田120,0948-24-9625,https://tabelog.com/fukuoka/A4007/A400702/40007613/,,,False,True
丸和カーテン,カーテン販売,吉原町,〒820-0040 福岡県飯塚市吉原町6番1号 あいタウン2F,0948-24-5664,https://maruwacurtain.jp,,,True,True
丸山生花店,花屋,本町,〒820-0042 福岡県飯塚市本町16-31,0948-22-2844,,,,True,True
丸島園,お茶製造販売,中,〒820-0065 福岡県飯塚市中1093-1,0948-21-0008,http://marushimaen.co.jp,,,True,True
久保勝治商店,その他,天道,〒820-0075 福岡県飯塚市天道71,0948-22-2833,,,,True,True
久里屋,居酒屋,新飯塚,〒820-0005 福岡県飯塚市新飯塚19-30,0948-24-9387,,,,True,True
五龍酒店,酒店,新飯塚,〒820-0005 福岡県飯塚市新飯塚11-3,0948-22-1321,,,https://www.instagram.com/bordeais.iizuka,True,True
井上呉服店,呉服店,天道,〒820-0075 福岡県飯塚市天道39,0948-22-1841,,,,False,True
井上洋服店,学生服・ユニフォーム店,新飯塚,〒820-0005 福岡県飯塚市新飯塚6-16,0948-22-3123,https://www.inoueyoufuku.com,,,True,True
井筒屋飯塚ショップ,百貨店・アパレル小売,菰田西,〒820-0017 福岡県飯塚市菰田西3丁目6-1 ゆめタウン飯塚1階,0948-22-3130,https://www.izutsuya.co.jp/storelist/,,,True,True
京風串揚げ 宗,その他,本町,〒820-0042 福岡県飯塚市本町5-11,0948-25-6690,,,,False,True
介護ショップクロッカス,その他,枝国,〒820-0081 福岡県飯塚市枝国510番地2,0948-21-0033,,,,False,True
伊佐文具店,文房具店,長尾,〒820-0701 福岡県飯塚市長尾1029,0948-72-0075,,,,False,True
佐藤コンタクトレンズセンター,コンタクトレンズ販売,新飯塚,〒820-0005 福岡県飯塚市新飯塚6-21,0948-22-1292,,,,True,True
佐藤商店,畳店,上三緒,〒820-0013 福岡県飯塚市上三緒1-45,0948-22-0216,https://satou-tatamiclub.com/,,,True,True
佐藤眼鏡店(メガネのサトー),その他,本町,〒820-0026 福岡県飯塚市枝国長浦666-48 イオン穂波店1F,0948-26-1728,https://meganenosatou.co.jp/,,,True,True
佐藤眼鏡店(メガネのサトー),その他,枝国,〒820-0026 福岡県飯塚市枝国長浦666-48 イオン穂波店1F,0948-26-1728,https://meganenosatou.co.jp/,,,True,True
倉掛米穀店,米穀店,飯塚,〒820-0041 福岡県飯塚市飯塚12-20,0948-22-7323,,,,True,True
倉重酒店ー酒を愉しみ食を喜ぶー,酒屋,伊川,〒820-0054 福岡県飯塚市伊川535-17,0948-52-5550,https://kurashigesaketen.com/,http://www.facebook.com/withsake,,True,True
元野木書店,書店,飯塚,〒820-0041 福岡県飯塚市飯塚18-3,0948-22-0048,,,,True,True
入江電器,電気工事店,南尾,〒820-0072 福岡県飯塚市南尾180,0948-25-0507,,,,False,True
八女茶の西村園茶舗 ゆめタウン飯塚店,お茶屋,菰田西,〒820-0017 福岡県飯塚市菰田西3-6-3,0948-43-3116,,,https://www.instagram.com/nishimuraenchaho,True,True
公設市場 野中鮮魚店,鮮魚店,本町,〒820-0042 福岡県飯塚市本町11-58,0948-22-0500,,,,False,True
兵六玉,居酒屋,伊岐須,〒820-0053 福岡県飯塚市伊岐須148-13,0948-23-6161,https://hyourokudama.owst.jp,https://www.facebook.com/居酒屋-兵六玉-368678233291353/,,True,True
内山刃物,工具・刃物卸売,中,〒820-0065 福岡県飯塚市中484-2,0948-28-9775,,,,True,True
内藤園あいタウン店,茶卸・販売,吉原町,〒820-0040 福岡県飯塚市吉原町6-1 1F,0948-24-0227,,,,True,True
内藤園イオン穂波店,コーヒー・茶葉専門店,枝国,〒820-0034 福岡県飯塚市枝国長浦666-48 イオン穂波ショッピングセンター内,0948-24-5590,,,,True,True
内藤園ハローデイ九工大前店,スーパーマーケット,川津,〒820-0067 福岡県飯塚市川津680-5,0948-26-5550,http://www.halloday.co.jp/184.html,,,True,True
千鳥屋本家 幸袋店,その他,幸袋,〒820-0066 福岡県飯塚市幸袋827-12,0948-29-3078,https://chidoriya.net,,,True,True
千鳥屋本家 飯塚本店,その他,本町,〒820-0042 福岡県飯塚市本町4-21,0948-22-0831,https://chidoriya.net/,,,True,True
友成時計店,その他,飯塚,〒820-0041 福岡県飯塚市飯塚10-3,0948-22-2733,,,,False,True
古谷金物店,その他,新立岩,〒820-0004 福岡県飯塚市新立岩13-8,0948-25-5350,https://0509takayuki.wixsite.com/furuyakanamono,,,True,True
合屋電器店,家電販売,菰田西,〒820-0017 福岡県飯塚市菰田西2丁目4-9,0948-22-2815,,,,True,True
吉岡スタジオ,写真館,伊岐須,〒820-0053 福岡県飯塚市伊岐須217-6,0948-25-4402,https://yoshioka-studio.com,,,False,True
味の明太子ふくや飯塚店,明太子販売店,吉原町,〒820-0040 福岡県飯塚市吉原町11-2 佐藤ビル,0948-29-2989,https://www.fukuya.com/shop/iiduka/,,,True,True
味楽門ＢＯＮ,フレンチレストラン,弁分,〒820-0088 福岡県飯塚市弁分412-8,0948-24-8825,http://www.m-bon.com/index.html,,,False,True
味覚焼,たこ焼き屋,本町,〒820-0042 福岡県飯塚市本町8-7,0948-23-1167,https://mikakuyaki.crayonsite.com,,,True,True
和風ダイニングとし,和食,飯塚,〒820-0041 福岡県飯塚市飯塚5-40,0948-23-5785,https://tabelog.com/fukuoka/A4007/A400702/40017723/,,,True,True
和食レストランニューいいづか・大助うどん,和食レストラン,川津,〒820-0067 福岡県飯塚市川津357-3,0948-23-4800,https://hotel-new-iizuka.com,,,False,True
唐揚げ専門店とりいち,唐揚げ専門店,小正,〒820-0089 福岡県飯塚市小正123-1,0948-21-0063,,,@toriichipapa,False,True
喜酒楽膳あぐら,居酒屋,飯塚,〒820-0041 福岡県飯塚市飯塚11-9 心ビル1F,0948-23-1666,,,,True,True
喫茶りーぶす,喫茶店,下三緒,〒820-0012 福岡県飯塚市下三緒35-846,,,,,False,True
喫茶グラスムーン,喫茶店,吉原町,〒820-0040 福岡県飯塚市吉原町1-6,0948-25-1735,,,,False,True
回転寿司 一太郎,回転寿司店,鯰田,〒820-0001 福岡県飯塚市大字鯰田1526-179,0948-21-0148,http://1taro.jp/sushi/,,,True,True
増岡化粧品店,化粧品店,口原,〒820-1114 福岡県飯塚市口原337-1,0948-92-0258,,,,True,True
壱角屋,焼き鳥,飯塚,〒820-0041 福岡県飯塚市飯塚11-4,0948-22-0875,https://tabelog.com/fukuoka/A4007/A400702/40004936/,,,False,True
大塚白蟻工務店,白蟻駆除業,有井,〒820-0112 福岡県飯塚市有井583-40,0948-82-3124,,,,False,True
大川家具アウトレットオックス,家具アウトレット,秋松,〒820-0083 福岡県飯塚市秋松875-10,0948-21-3188,,,,True,True
大庭電器,家電販売,鯰田,,,,,,True,True
大豆の花,豆腐製造,有井,〒820-0101 福岡県飯塚市有安1030-8,0948-82-0002,,,,True,False
大賀薬局飯塚あいタウン店,その他,吉原町,〒820-0040 福岡県飯塚市吉原町6番1号 アイタウン2F,0948-26-3711,https://www.ohga-ph.com/shop/detail/?id=83,,,True,True
大阪王将 ゆめタウン飯塚店,その他,菰田西,〒820-0017 福岡県飯塚市菰田西3-6-1,0948-43-2730,https://www.osaka-ohsho.com/store/store_detail.php?shop_id=494,,,True,False
天喜,その他,飯塚,〒820-0041 福岡県飯塚市飯塚11-8,0948-24-0645,https://tabelog.com/fukuoka/A4007/A400702/40008557/,,,True,True
天道ホルモン,ホルモン小売専門店,天道,〒820-0075 福岡県飯塚市天道42-1,0948-88-9333,https://tento-horumon.com,,,True,True
太田自動車鈑金㈱,自動車鈑金塗装,阿恵,〒820-0704 福岡県飯塚市阿恵124-3,0948-72-2582,http://www.bp-ohta.com,,,True,True
太陽キッチン・フーズ,鳥料理店,菰田西,〒820-0017 福岡県飯塚市菰田西3-8-34,0948-22-5739,,,,False,True
学生服のひめじ屋,学生服店,吉原町,〒820-0040 福岡県飯塚市吉原町6番1号あいタウン1階,0948-23-0347,,,,True,True
学生服のタナカ,学生服販売,飯塚,〒820-0041 福岡県飯塚市飯塚5-33,0948-22-0494,,,,True,True
安部写真館,写真館・フォトスタジオ,天道,〒820-0075 福岡県飯塚市天道38,0948-25-0500,http://photostudio-abe.net,,,True,True
宝靖自動車,自動車整備,椿,〒820-0084 福岡県飯塚市椿145-8,0948-21-3123,,,,True,True
室井酒店,酒店,片島,〒820-0068 福岡県飯塚市片島2丁目21-22,0948-22-4488,,,,True,True
宮脇書店 ゆめタウン飯塚店,書店,菰田西,〒820-0017 福岡県飯塚市菰田西3-6-1 ゆめタウン飯塚内,0948-43-2670,https://www.miyawakishoten.com/store/kyushu_okinawa/fukuoka/entry-4020.html,,,False,True
寺子屋 ZEN,学習塾,立岩,〒820-0003 福岡県飯塚市立岩1347-1,0948-52-3098,https://zen-corporation.com,,,True,True
寿し割烹 たけ志,その他,飯塚,,,,,,False,True
寿し徳,寿司屋,小正,,,,,,True,True
寿司海鮮和食処 やますい,その他,鶴三緒,〒820-0102 福岡県飯塚市鶴三緒1099-3,0948-24-1551,,,,True,True
寿屋化粧品店,化粧品店,本町,〒820-0042 福岡県飯塚市本町15-9,0948-22-2675,,,,False,True
小さなゆめ,その他,柏の森,〒820-0011 福岡県飯塚市柏の森953−2,0948-25-7088,,,,True,True
小林硝子店,ガラス店,川津,〒820-0067 福岡県飯塚市川津357-5,0948-22-0172,https://www.kobayasi-garasu.co.jp,,,True,True
居酒屋 たーぶる,居酒屋,西町,〒820-0043 福岡県飯塚市西町7-12,0948-23-8380,https://tabelog.com/fukuoka/A4007/A400702/40008540/,,,True,True
居酒屋 ん,居酒屋,相田,〒820-0052 福岡県飯塚市相田113-16,0948-21-4581,,,,False,True
居酒屋 文月,居酒屋,南尾,〒820-0072 福岡県飯塚市南尾400-2,0948-22-6766,http://izakayafuzuki.com/,,https://www.instagram.com/izakaya_fuduki/,True,True
居酒屋 純,居酒屋,口原,〒820-1114 福岡県飯塚市口原310,0949-68-9001,,,,True,True
居酒屋てん・てん・てん,居酒屋,菰田西,〒820-0017 福岡県飯塚市菰田西3丁目7-45,0948-24-8870,,,,False,True
居酒屋二代目きんぐ,その他,東徳前,〒820-0032 福岡県飯塚市東徳前9-6,0948-43-3911,,,,True,True
居酒屋佐助,居酒屋,新飯塚,〒820-0005 福岡県飯塚市新飯塚4-12,090-9407-0948,,,,True,True
居酒屋味坊,居酒屋,東徳前,〒820-0032 福岡県飯塚市東徳前20-30,0948-24-9166,,,,True,True
居酒屋和光,不明,吉原町,福岡県飯塚市吉原町7-20,,,,,False,True
居酒屋専科大樹,居酒屋,柏の森,〒820-0011 福岡県飯塚市柏の森539-2,0948-24-9777,,,,True,True
居酒屋落花生,居酒屋,上三緒,〒福岡県飯塚市上三緒445-17,,,,,True,True
山下建材工業(株),建設業,菰田西,〒820-0017 福岡県飯塚市菰田西3丁目11-16,0948-22-0253,https://ymashitakenzai.bsj.jp,,,False,True
山本酒店,酒屋,赤坂,〒820-0106 福岡県飯塚市赤坂488-3,0948-82-0037,https://chikuski.jp/lifestyle/yamamoto-akasaka/,,,False,True
山野愛子どろんこ美容＆Relax Plus,エステ,西町,〒820-0043 福岡県飯塚市西町4-53アルカビル1F,0948-28-7500,https://yamanobeautymate.com/salonlist/%E9%A3%AF%E5%A1%9A%E5%BA%97/,,,True,True
帽子のほりかわ,その他,本町,〒820-0042 福岡県飯塚市本町15-6,0948-22-3524,,,,False,True
庄内タクシー,その他,赤坂,〒820-0106 福岡県飯塚市赤坂795-2,0948-82-0018,https://shonaikanko.com,,,False,True
庄内地区,商工会支所,,〒820-0111 福岡県飯塚市有安719番地2,0948-96-8120,,,,True,True
庄助うどん,その他,阿恵,〒820-0704 福岡県飯塚市阿恵1760,0948-72-0034,,,,False,True
庄四季物,農産物直売所,綱分,〒820-0101 福岡県飯塚市綱分770-1,0948-82-0117,,,,True,True
庄屋ゆめタウン飯塚店,和食レストラン,菰田西,〒820-0017 福岡県飯塚市菰田西3丁目6番1号 ゆめタウン飯塚2F,0948-43-9219,https://www.sho-ya.co.jp/shop/archives/105,,,True,True
庄屋飯塚店,和食レストラン,西徳前,〒820-0031 福岡県飯塚市西徳前336-24,0948-96-8655,,,,True,True
御菓子司亀屋延永,和菓子屋,忠隈,〒820-0071 福岡県飯塚市忠隈77-34,0948-25-6771,https://www.kameya-nobunaga.com,,,True,True
志ののめ,どら焼き専門店,柏の森,〒820-0011 福岡県飯塚市柏の森520-20,0948-52-4558,,,https://www.instagram.com/shinonome_yamadora_,True,True
手づくりケーキラ・パレット,ケーキ屋,新飯塚,〒820-0005 福岡県飯塚市新飯塚6-6 花宅ビル1F,0948-24-9232,https://patisserie-lapalette.com,,,True,True
手づくりパン工房スピカ,パン屋,菰田西,〒820-0103 福岡県飯塚市菰田西3-1-4,0948-80-6572,,,,True,True
手打うどん・レンストランなごし,うどん・そば店,川津,〒820-0067 福岡県飯塚市川津26-1,0948-24-9680,,,,True,True
手造りバーガーショップ レイダック,ハンバーガーショップ,片島,〒820-0068 福岡県飯塚市片島2-8-9,0948-43-8434,https://www.rayduck1986.com,,,True,True
揚げ処えびるす,居酒屋・天丼・串揚げ,新飯塚,〒820-0005 福岡県飯塚市新飯塚10-5,0948-43-9693,,,@abrusu2014,True,True
文具のたまおき本店,文具店,堀池,〒820-0070 福岡県飯塚市堀池179-2,0948-22-2950,https://www.tamaoki.co.jp/pages/34/,,,True,True
日新理容室,理容室,本町,〒820-0042 福岡県飯塚市本町7-20,0948-22-2281,,,,False,True
日本習字筑穂教室,習字教室,筑穂元吉,〒820-0005 福岡県飯塚市筑穂元吉,0948-43-4988,,,,True,True
旬彩ダイニング 樹限無,居酒屋,宮町,〒820-0069 福岡県飯塚市宮町13-30,0948-23-0066,http://www.dining-jugem.com,,,True,True
旬楽みささ,居酒屋,新飯塚,〒820-0005 福岡県飯塚市新飯塚6-6 花宅ビル1F,0948-23-5688,,,,True,True
時計宝石眼鏡ムカイダ,時計・宝石・眼鏡店,新飯塚,〒820-0005 福岡県飯塚市新飯塚6-3,0948-22-3672,,,,True,True
有限会社 筑穂プロパン,その他,大分,〒820-0712 福岡県飯塚市大分1285-9,0948-72-1225,https://www.q-san.co.jp/chikuhopuropan,,,False,True
有限会社みよし,その他,本町,〒820-0042 福岡県飯塚市本町5-11,0948-25-6027,https://miyosi.net,,,False,True
朝倉屋酒店,その他,宮町,〒820-0069 福岡県飯塚市宮町1-3,0948-22-2073,,,,True,True
木下石油,ガソリンスタンド,平塚,〒820-0702 福岡県飯塚市平塚391,0948-72-0136,,,,False,True
木原コンタクト,コンタクトレンズ販売,伊岐須,〒820-0053 福岡県飯塚市伊岐須298-6,0948-25-1319,,,,True,True
本場インド料理ルパ穂波店,インド料理店,秋松,〒820-0083 福岡県飯塚市秋松919,0948-25-6625,http://curry-rupa.com,,,True,True
本格インド料理ルパ飯塚店,インド料理店,川津,〒820-0067 福岡県飯塚市川津202-1,0948-21-0731,http://curry-rupa.com/,https://www.facebook.com/rupacurry/,,True,True
東洋ドライ ハローデイ店,クリーニング,川津,〒820-0067 福岡県飯塚市川津680-5,0948-24-0408,https://toyodry.com/cn2/iizuka.html,,,True,True
東洋ドライ 川津店,クリーニング,川津,〒820-0067 福岡県飯塚市川津149-1,0948-29-0223,https://toyodry.com/cn2/%E9%A3%AF%E5%A1%9A%E5%B8%82%E5%B7%9D%E6%B4%A5.html,,,True,True
東洋ドライ 新飯塚店,クリーニング,新飯塚,〒820-0005 福岡県飯塚市新飯塚10-5,0948-22-1999,https://toyodry.com/cn2/%E6%96%B0%E9%A3%AF%E5%A1%9A.html,,,True,True
松本刃物店,刃物店,東徳前,〒820-0032 福岡県飯塚市東徳前7-26,0948-22-6218,,,,False,True
松隈食料品店,不明,勢田,〒820-1111 福岡県飯塚市勢田195-3,09496-2-0175,,,,False,True
林檎の木,その他,潤野,〒820-0021 福岡県飯塚市潤野885-30 竜王ハイツ,,,,https://www.instagram.com/ringonoki0320,True,True
株式会社日栄,その他,蓮台寺,〒820-0048 福岡県飯塚市蓮台寺68-3,0948-23-1221,https://nichiei.ne.jp,,,False,True
桜ヶ丘ゴルフセンター,ゴルフ練習場,枝国,〒820-0081 福岡県飯塚市枝国666,0948-22-1401,https://sakuragaoka-gc.jp,,,False,True
楳木石油,その他,高田,〒820-0079 福岡県飯塚市高田645,0948-22-5340,,,,True,True
楽市焼肉ホルモンセンター,焼肉屋,楽市,〒820-0074 福岡県飯塚市楽市489-1,0948-22-3849,https://rakuichihorumon.com,,,False,True
武田商店,酒屋,下三緒,〒820-0012 福岡県飯塚市下三緒1-32,0948-24-7347,,,,False,True
江藤時計店本店,時計・宝石店,菰田西,〒820-0017 福岡県飯塚市菰田西3丁目6番1号ゆめタウン飯塚2F,0948-22-0480,https://eto-group.net/,,,True,True
江藤石油(株),ガソリンスタンド,忠隈,〒820-0071 福岡県飯塚市忠隈105-1,0948-22-7890,https://eto-kk.co.jp/,,,True,True
江藤電器,不明,長尾,〒820-0701 福岡県飯塚市長尾1227-6,0948-72-3309,,,,False,True
洋服の青山飯塚穂波店,アパレル販売,弁分,,,,,,True,True
深見時計店,時計店,新飯塚,〒820-0005 福岡県飯塚市新飯塚17-10,0948-22-3826,,,,True,True
清水理容室 チャボ,理容店,堀池,〒820-0070 福岡県飯塚市堀池57-5,0948-80-5872,,,,True,True
渡辺果実店,フルーツショップ,菰田西,,,,,,True,True
渡邊硝子建材,その他,徳前,〒820-0033 福岡県飯塚市徳前36番地の4,0948-22-1262,https://wgk1916.co.jp,,,False,True
温野菜 飯塚店,その他,枝国,〒820-0081 福岡県飯塚市枝国680−2,0948-43-4076,,,,True,True
湊屋（みなとや）,その他,相田,,,,,,True,True
濃厚生乳ソフトクリーム専門店だがソフ,その他,飯塚,〒820-0041 福岡県飯塚市飯塚13-23,,,,https://www.instagram.com/dagasystem.soft,True,True
炉ばた髙,居酒屋,吉原町,〒820-0040 福岡県飯塚市吉原町4-3 丸光ビル1F,0948-43-8881,https://www.robata-taka.com,,,True,True
炒めラーメンYAMA,ラーメン店,伊岐須,〒820-0501 福岡県飯塚市伊岐須639,,,,,True,True
炭バル ダブル,居酒屋・ダイニングバー,本町,〒820-0042 福岡県飯塚市本町7-28 ズームビル1F,0948-22-7115,https://www.www-52.com/,,,True,True
炭火串焼弥一,居酒屋,新飯塚,〒820-0005 福岡県飯塚市新飯塚15-4,0948-26-9481,https://yaichi-i.com,,,True,True
炭火居酒屋やっぽい,居酒屋,新飯塚,〒820-0005 福岡県飯塚市新飯塚14-2,0948-88-9298,https://yappoi.owst.jp,,,False,True
炭火居酒屋喜楽,検索結果に該当情報がありません,目尾,〒820-0062 福岡県飯塚市目尾402-9,0948-28-1770,https://chikuski.jp/gourmet/kiraku/,,,True,True
炭火焼肉嘉苑,焼肉店,柏の森,〒820-0011 福岡県飯塚市柏の森4-1,0948-21-7517,http://yakiniku-kaen.jp,,https://www.instagram.com/sumibiyakiniku.kaen,True,True
炭火焼肉天神,焼肉店,若菜,〒820-0082 福岡県飯塚市若菜210-7,0948-43-9129,https://tabelog.com/fukuoka/A4007/A400702/40028549/,,,True,True
炭火焼鳥あらた,居酒屋,本町,〒820-0000 福岡県飯塚市本町5-14,0948-21-1257,https://arata-izakaya.jimdoweb.com,,,True,True
炭火焼鳥えい吉,焼鳥店（テイクアウト専門）,若菜,〒820-0082 福岡県飯塚市若菜259-11,080-9865-0141,,,https://www.instagram.com/sumibiyakitori_eikichi,True,True
炭火焼鳥かなまる,焼き鳥屋,柏の森,〒820-0011 福岡県飯塚市柏の森503-1,0948-52-3201,,,https://www.instagram.com/sumibiyakitori_kanamaru1114,False,True
炭焼酒処幸炭,その他,秋松,〒820-0083 福岡県飯塚市秋松870-1,0948-25-7411,https://koutan.owst.jp,,,True,True
焚炎 竹や,不明,忠隈,〒820-0071 福岡県飯塚市忠隈537-1,0948-21-2740,,,,False,True
無印良品かやの森,その他,柏の森,〒820-0011 福岡県飯塚市柏の森8-5,0948-29-5655,https://www.muji.com/jp/ja/shop/detail/061616,,,True,True
焼肉のMr.青木,その他,鶴三緒,〒820-0014 福岡県飯塚市鶴三緒一本木1117-1,0948-24-5170,https://mr-aoki.jp/index.html,,,False,True
焼肉のすから,その他,鶴三緒,〒820-0014 福岡県飯塚市鶴三緒1476-5,0948-25-6616,,,,True,True
焼肉スタミナ・元,焼肉店,川津,〒820-0067 福岡県飯塚市川津382,0948-21-5510,,,,False,True
焼肉ソウル,焼肉店,川津,〒820-0067 福岡県飯塚市川津151-1,0948-29-0122,,,,True,True
焼肉レストラン牛仙,焼肉店,川津,〒820-0067 福岡県飯塚市川津77-2,0948-25-2808,,,,True,True
焼肉王城飯塚店,焼肉,立岩,,,,,,True,True
焼肉開山堀池店,焼肉店,堀池,〒820-0070 福岡県飯塚市堀池138,0948-29-6929,,,,False,True
焼肉開山庄内店,焼肉屋,綱分,〒820-0101 福岡県飯塚市綱分1712-5,0948-31-1072,,,,False,True
焼鳥千成,焼き鳥居酒屋,枝国,〒820-0081 福岡県飯塚市枝国429,0948-23-9659,https://yakitorisennari.com,,,True,True
煮込み食堂 煮こ屋,定食屋,東徳前,〒820-0032 福岡県飯塚市東徳前20-30金澤ビル1F,0948-22-8617,,,,False,True
熾火ト酒,居酒屋,本町,〒820-0042 福岡県飯塚市本町8-17,0948-43-3978,https://tabelog.com/fukuoka/A4007/A400702/40060410/,,,True,True
牛角飯塚店,焼肉店,潤野,〒820-0088 福岡県飯塚市弁分159-8,0948-22-7429,https://map.reins.co.jp/gyukaku/detail/948227429,,,True,True
玉翠堂,書道用品店,片島,〒820-0068 福岡県飯塚市片島2丁目1−15,0948-24-7406,https://www.gyokusuido.com,,,True,True
珈琲焙煎工房 まめや福岡ユタカ,コーヒー焙煎工房,西徳前,〒820-0031 福岡県飯塚市西徳前4-37,0948-22-5271,https://mameya-yutaka.com/access.html,,https://www.instagram.com/mameyafukuokayutaka,True,True
田中糸店,糸の販売,飯塚,〒820-0041 福岡県飯塚市飯塚12-11,0948-22-0143,,,,True,True
癒心房,肉料理店,忠隈,〒820-0071 福岡県飯塚市忠隈71-4 NERO BOTANICA 2F,0948-26-3926,https://wing-r.com/iyashinbou/,,https://www.instagram.com/iyashinbou/,True,True
矢野鮮魚店,鮮魚店,飯塚,〒820-0041 福岡県飯塚市飯塚12-24,0948-22-0043,,,,True,True
石井商会,靴卸,菰田西,〒820-0017 福岡県飯塚市菰田西1丁目4-28,0948-22-1387,https://ishiisyokai.jp,,,False,True
祭りばやし,居酒屋,柏の森,〒820-0011 福岡県飯塚市柏の森541-6,0948-22-5551,https://tabelog.com/fukuoka/A4007/A400702/40004908/,,,True,True
福寿し,すし店,川津,〒820-0067 福岡県飯塚市川津360-1,0948-28-6963,https://tabelog.com/fukuoka/A4007/A400702/40018721/,,,False,True
福祉用具おおつか 飯塚営業所,福祉用具貸与,忠隈,〒820-0071 福岡県飯塚市忠隈503-2,0948-43-2888,https://otsuka-we.jp,,,False,True
秋元液化ガス,LPガス販売,目尾,〒820-0062 福岡県飯塚市大字目尾515-84,0948-22-2945,http://www.akimoto-g.com,,,False,True
穂波地区,ショッピングセンター,,〒820-0083 福岡県飯塚市秋松919,0948-26-0105,https://www.halloday.co.jp/sp/676.html,,,True,True
竹川鮮魚,鮮魚店,本町,〒820-0042 福岡県飯塚市本町16-32,0948-22-6227,,,,True,True
第一タイヤサービス,その他,横田,〒820-0044 福岡県飯塚市横田52－1,0948-24-1530,,,,True,True
第一ボウル,その他,片島,〒820-0068 福岡県飯塚市片島1-10-14,0948-23-1181,http://www.land-park.jp,,,True,True
筑穂地区,その他,,〒820-0702 福岡県飯塚市平塚295-2,0948-72-2118,http://www.kawashoku.jp/shokusaikan/shopshoukai/chikuho/,,,True,True
筑豊ラーメン山小屋穂波店,ラーメン屋,楽市,〒820-0074 福岡県飯塚市楽市630,0948-28-3371,http://yamagoya.co.jp/,,,False,True
筑豊葬祭セレモニーヴィラ穂波斎場,葬祭業,太郎丸,〒820-0076 福岡県飯塚市太郎丸1151-1,0948-25-0444,https://chikuhousousai.com/honami/,,,True,True
筑豊葬祭セレモニーヴィラ飯塚,斎場,菰田西,〒820-0017 福岡県飯塚市菰田西3丁目17-4,0948-52-3888,https://chikuhousousai.com/villa-iizuka/access/,,,True,True
筑豊葬祭飯塚本社斎場,葬儀社,菰田西,〒820-0017 福岡県飯塚市菰田西3丁目17番8号,0948-22-4591,https://chikuhousousai.com/,,,True,True
篠崎商会,家具・衣料品・インテリアショップ,天道,〒820-0075 福岡県飯塚市天道363,0948-22-5712,,,,True,True
緒方たたみ店,畳・襖・障子張り替え,枝国,〒820-0081 福岡県飯塚市枝国448-10,0948-22-6788,,,,False,True
美・サロン きはら,エステサロン,枝国,〒820-0081 福岡県飯塚市枝国501-10,0948-29-0648,https://bi-salon-kihara.com,https://www.facebook.com/bi-salon-kihara,,True,True
肉のつちだ,食肉店,菰田東,〒820-0016 福岡県飯塚市菰田東1丁目5-12,0948-22-1421,,,,False,True
肉のなかむら,精肉店,鯰田,〒820-0001 福岡県飯塚市鯰田菰田西2-8-17,0948-22-1298,http://niku-nakamura.net,,,False,True
肉の神戸屋,精肉店,飯塚,〒820-0042 福岡県飯塚市飯塚12−20,0948-22-0187,http://nikunokobeya.com,,https://www.instagram.com/meat.riders,True,True
能古うどん製造所 ゆめタウン飯塚店,めん類製造業,菰田西,〒820-0017 福岡県飯塚市菰田西3-6-1 ゆめタウン飯塚 2F,0948-43-2630,https://www.noko-udon.com/apps/note/stores/,,,False,True
花のフクナガ穂波店(ハローデイ穂波店内),その他,秋松,〒820-0083 福岡県飯塚市秋松919,0948-24-7399,,,http://instagram.com/seiji_ishie,False,True
花のフクナガ西町本店,その他,西町,〒820-0043 福岡県飯塚市西町7-23,0948-22-6781,,,,False,True
花のフジモト,その他,飯塚,〒820-0083 福岡県飯塚市秋松342-3,0948-22-5243,,,,True,True
花和,その他,芳雄町,〒820-0018 福岡県飯塚市芳雄町18-28,0948-23-5139,,,,True,True
若鳥,鳥料理,飯塚,〒820-0041 福岡県飯塚市飯塚2-24,0948-22-2475,,,,False,True
茶寮このみ,料亭,潤野,〒820-0021 福岡県飯塚市潤野1327-1,0948-22-2120,https://www.saryou-konomi.jp/,,,True,True
茶楽館この葉,お茶屋・カフェ,潤野,〒820-0021 福岡県飯塚市潤野885-68,0948-22-5008,,,,True,True
華さん食堂飯塚店,飲食店（セルフサービス食堂）,川津,〒820-0067 福岡県飯塚市川津428-1,0948-23-8086,,,,False,True
萬亀,仕出し・寿司・懐石料理,潤野,〒820-0021 福岡県飯塚市潤野971-80,0948-29-1557,https://www.mankame-shidashi.com,,,False,True
藤﨑建築,建設会社・土木工事業,横田,〒820-0044 福岡県飯塚市横田366-2,0948-43-3800,,,,True,True
街家ｃａｆｅつむぎ,カフェ・コーヒー専門店,本町,〒820-0042 福岡県飯塚市本町16-8,0948-22-1660,,,@tumugi2015,True,True
認定補聴器専門店 リオネットセンター飯塚,補聴器販売,吉原町,〒820-0040 福岡県飯塚市吉原町3-14 第2和光ビル,0948-24-4822,,,,False,True
赤崎牛ダイニング リヤン,ステーキハウス,新飯塚,,,,,,True,True
車力,居酒屋,相田,〒820-0052 福岡県飯塚市相田112,0948-24-9159,https://syariki.owst.jp,,,True,True
車屋19,中古車販売,横田,,,,,,False,True
農楽園八木山,農産物直売所・飲食店・パン製造販売,八木山,〒820-0047 福岡県飯塚市八木山259,0948-25-3353,http://nourakuen.com,,,True,True
酒の昌屋,酒屋,川津,〒820-0067 福岡県飯塚市川津419-1,0948-24-1230,https://sake-shouya.jp,,,True,True
酒肴むげん,居酒屋・海鮮料理,中,〒820-0065 福岡県飯塚市中484-2,0948-52-6500,https://tabelog.com/fukuoka/A4007/A400702/40045188/,,,True,True
酒菜よし葉,居酒屋,柏の森,〒820-0011 福岡県飯塚市柏の森649-3,0948-24-8268,,,,True,True
酒香彩菜さわらび,居酒屋,飯塚,〒820-0041 福岡県飯塚市飯塚4-12せいきんビル 1階,0948-26-2511,,,,False,True
金沢石油(株) セルフ飯塚東店,ガソリンスタンド,有安,〒820-0111 福岡県飯塚市有安646,0948-82-2000,http://kanazawa-oil.com/ss.php,,,True,True
金芳醤油醸造元,醤油醸造元,口原,〒820-1114 福岡県飯塚市口原765-7,0948-92-0012,https://kaneyoshi.co,,,True,True
鉄板焼 梛座,鉄板焼き,柏の森,〒820-0011 福岡県飯塚市柏の森92-32,0948-22-5787,https://www.teppanyaki-nagiza.com,,https://www.instagram.com/teppanyaki.nagiza/,True,True
陶房 八木山 青空間,陶芸教室,八木山,〒820-0047 福岡県飯塚市八木山1250-1,0948-22-1339,http://i.gmobb.jp/seikuukan/,,,True,True
陸蒸氣,その他,柏の森,〒820-0011 福岡県飯塚市柏の森503-2,0948-29-2233,,,,False,True
雑貨牧場GAYU,雑貨屋,菰田東,〒820-0016 福岡県飯塚市菰田東2-22-13,080-4271-6660,https://gayu.theshop.jp,https://www.facebook.com/gayushop/,https://www.instagram.com/gayushop/,True,True
靴の赤靴堂,その他,菰田西,〒820-0017 福岡県飯塚市菰田西1丁目9-21,0948-22-2907,https://akagutsudou.net,,,True,True
韓国風居酒屋 オンマ,その他,楽市,〒820-0074 福岡県飯塚市楽市308-1 第一田中ビル,0948-21-0862,https://tabelog.com/fukuoka/A4007/A400702/40049175/,,,False,True
音楽BAR BREAK TIME,その他,吉原町,〒820-0040 福岡県飯塚市吉原町8-40 BREAK21,0948-43-8502,,,,True,True
頴田地区,商工会支援センター,,,,,,,True,True
飛鳥会館,葬儀社,片島,〒820-0068 福岡県飯塚市片島1-7-29,0948-22-9991,http://fukusokyo.org/store/store-daiichi.html,,,True,True
食事処 桜道場,食堂,潤野,〒820-0021 福岡県飯塚市潤野8-75,0948-28-5710,,https://www.facebook.com/sakuradojo.iizuka/,https://www.instagram.com/sakura.dojo/,True,True
食房KOSAI,創作料理・洋食,南尾,〒820-0072 福岡県飯塚市南尾287,0948-43-4688,https://tabelog.com/fukuoka/A4007/A400702/40058283/,,,True,True
食料品の進藤,乾物店,飯塚,〒820-0041 福岡県飯塚市飯塚12-20,0948-23-4192,,,,False,True
飯塚ツバメプロパン㈱,プロパンガス販売,立岩,〒820-0003 福岡県飯塚市立岩1126,0948-22-4777,,,,False,True
飯塚地区,情報不足により特定不可,,,,,,,True,True
飯塚瓦工業,瓦屋根工事,鶴三緒,〒820-0014 福岡県飯塚市鶴三緒1335-5,0948-22-0155,https://www.iizukakawara-kougyo.com,,,True,True
餃子とサワー 月光,居酒屋,飯塚,〒820-0041 福岡県飯塚市飯塚3-3,070-8571-3939,,,,True,True
驫(さんま),居酒屋,忠隈,〒820-0071 福岡県飯塚市忠隈438-3,0948-24-8023,,,,True,True
高取金物店,金物店,飯塚,〒820-0041 福岡県飯塚市飯塚11-23,0948-22-0069,,,,True,True
魚佐,日本料理店,飯塚,〒820-0041 福岡県飯塚市飯塚10-26,0948-22-0367,https://iizuka-uosa.com,,https://www.instagram.com/iizuka_uosa,True,True
魚茂鮮魚店,鮮魚店,飯塚,〒820-0041 福岡県飯塚市飯塚18-2,0948-22-0031,,,,True,True
鮨 魚城,寿司屋,楽市,〒820-0074 福岡県飯塚市楽市310-1,0948-28-7606,https://tabelog.com/fukuoka/A4007/A400702/40010688/,,,False,True
鮨 魚鮮,寿司屋,枝国,〒820-0081 福岡県飯塚市枝国526,0948-23-4879,https://tabelog.com/fukuoka/A4007/A400702/40047182/,,,True,True
鮨安,寿司屋,飯塚,〒820-0041 福岡県飯塚市飯塚4-5,0948-25-0821,https://tabelog.com/fukuoka/A4007/A400702/40011052/,,,False,True
鰻一太郎,うなぎ専門店,鯰田,〒820-0001 福岡県飯塚市鯰田1646-7,0948-28-9500,,,,True,True
鳥一,その他,吉原町,〒820-0040 福岡県飯塚市吉原町8-23,0948-23-3360,https://tabelog.com/fukuoka/A4007/A400702/40015450/,,,True,True
麺屋．千寿 本店,その他,枝国,〒820-0081 福岡県飯塚市枝国495-16,0948-29-5758,,,https://www.instagram.com/menya.senju,False,True
麻生塾スポーツガーデン,その他,柏の森,〒820-0011 福岡県飯塚市柏の森11-4,0948-22-0543,https://www.aso-group.co.jp/asg/,,,True,False
麻生塾ボウル,ボウリング場,柏の森,〒820-0011 福岡県飯塚市柏の森6-1,0948-21-0660,http://www.aso-group.co.jp/kaihatu/bowl/,,,True,True
龍王ガス,プロパンガス販売・ガス器具販売・配管工事業,横田,〒820-0044 福岡県飯塚市横田826-3,0948-22-2119,http://ryuogas.jp,,,True,True
龍王塾,学習塾,吉原町,〒820-0040 福岡県飯塚市吉原町2-18,0948-25-8869,https://www.ryuojuku.com,,,True,True
（一社）飯塚観光協会,観光協会,吉原町,〒820-0040 福岡県飯塚市吉原町6-1あいタウン2F,0948-22-3511,http://www.kankou-iizuka.jp,,,True,True
（有）建築工房やました屋,工務店,横田,〒820-0044 福岡県飯塚市横田589-1,0948-25-7833,https://yamashitaya.co.jp,,,True,True
３びきのこぶた,洋食店,南尾,〒820-0072 福岡県飯塚市南尾400-6,0948-24-8008,,,,True,True
Ａゴルフセンター,ゴルフ練習場,平恒,〒820-0073 福岡県飯塚市平恒1-57,0948-25-0088,https://a-golf.jp,,,True,True
Ａープライス飯塚店,業務用スーパー,堀池,〒820-0070 福岡県飯塚市堀池243-1,0948-21-5031,,,,True,True
ＢＡＲＢＥ,飲食店（バー）,新飯塚,〒820-0005 福岡県飯塚市新飯塚6-6花宅ビル1F,0948-43-3447,https://lit.link/barbe,,,True,True
ＢＡＲＢＥＲひかり,理容室,立岩,〒820-0003 福岡県飯塚市立岩1310-4,0948-23-2249,,,,False,True
Ｃ．Ｃ．ＳＥＴＯ,アウトドア用品店,中,〒820-0065 福岡県飯塚市中1084,0948-24-5219,,,,False,True
ＣＯＲＯＮ,その他,口原,〒820-1114 福岡県飯塚市口原386-1,080-5203-6292,,,,False,True
Ｈｉｙｏｒｉ,その他,片島,〒820-0068 福岡県飯塚市片島1丁目7-62 勝盛公園,0120-22-5138,https://www.kotobuki-kaikan.net,,,True,True
ＪＡふくおか嘉穂庄内給油所,その他,綱分,〒820-0101 福岡県飯塚市綱分757-1,0948-82-0072,,,,False,True
ＪＡふくおか嘉穂本所グリーンセンター,その他,小正,〒820-0089 福岡県飯塚市小正319-1,0948-24-7060,https://www.ja-f-kaho.or.jp,,,False,True
ＭＥＧＡドン・キホーテ飯塚店,ディスカウントストア,椿,〒820-0084 福岡県飯塚市椿110-1,0570-051-911,https://www.donki.com/store/shop_detail.php?shop_id=309,,,True,True
ＰＯＬＡアメリーズ店,化粧品販売,横田,〒820-0044 福岡県飯塚市横田585-1,0948-22-6626,http://www.pola.co.jp/,,,True,True
Ｐｓ 美容室,美容室,吉原町,〒820-0040 福岡県飯塚市吉原町5-3,0948-29-2636,,,,True,True
ＲＲＲエンターテイメント,ドリンクテイクアウト店,本町,〒820-0042 福岡県飯塚市本町14-2,0948-52-3942,,,,True,True
ＲａｙーｇーＣａｓｔ（レイジーキャスト）,かばん店,下三緒,〒820-0012 福岡県飯塚市下三緒324-1,0948-21-1313,https://chikuski.jp/lifestyle/ray-g-cast/,,,True,True
Ｒｕｄｉｅｓ ｃａｆｅ（ルーディーズ カフェ）,カフェ,吉原町,〒820-0040 福岡県飯塚市吉原町7-5 1F,0948-24-2466,,,,True,True
Ｓｗｅｅｔ’ｓ ｏｆ ｈａｉｒ,美容室,有安,〒820-0111 福岡県飯塚市有安1039-1,0948-31-1170,http://sweets-of-hair.com/,,,True,True
ＴＥＴＥ,食堂,新飯塚,〒820-0005 福岡県飯塚市新飯塚15-10,0948-23-7531,https://tete-dining.com,,https://www.instagram.com/tete.iizuka,True,True
Ｙｕｍｍｙ Ｃａｋｅｓ,ケーキ屋,平塚,福岡県飯塚市平塚396-1,,,,,True,True
ｙｏｕｒ メルシー,不明,柏の森,〒820-0011 福岡県飯塚市柏の森92-192柏の森ヒルズ,0948-21-5766,,,,False,True
