店舗名称,エリア,券種,place_name,formatted_address,lat,lng,category
メリーズラム,潤野,digital,メリーズラム,〒820-0021 福岡県飯塚市潤野１３１３−１,33.64023460000001,130.6578263,生活雑貨
Dr Hair Smiley,柏の森,digital,Dr.Hair Smiley,〒820-0011 福岡県飯塚市柏の森４７３−１,33.6379363,130.7002721,美容室
井筒屋飯塚ショップ,菰田西,digital,井筒屋 飯塚ショップ,〒820-0017 福岡県飯塚市菰田西３丁目６−１,33.6326269,130.6852821,店舗
ＢＡＲＢＥ,新飯塚,digital,BARBE【バルブ】,〒820-0005 福岡県飯塚市新飯塚６−６ 花宅ビル 1階4号室,33.6434919,130.6930596,飲食店
しらゆり会館飯塚・鯰田会場,鯰田,digital,しらゆり会館 飯塚・鯰田会場,〒820-0001 福岡県飯塚市鯰田２３２４−１,33.6607124,130.698298,葬儀場
陶房 八木山 青空間,八木山,digital,陶房 青空間,〒820-0047 福岡県飯塚市八木山１２５０−１,33.6233495,130.6011568,その他
車力,相田,digital,居酒屋 車力（しゃりき）,〒820-0052 福岡県飯塚市相田１１２,33.6563758,130.6623771,飲食店
林檎の木,潤野,digital,林檎の木 りんご飴専門店,〒820-0021 福岡県飯塚市潤野８８５−３０ 竜王ハイツ,33.6348204,130.6667333,飲食店
どんどん亭 柏の森店,柏の森,digital,どんどん亭 柏の森店,〒820-0011 福岡県飯塚市柏の森162?3,33.6436729,130.70287,飲食店
江藤時計店本店,菰田西,digital,江藤時計店本店,〒820-0017 福岡県飯塚市菰田西３丁目６−１ ゆめタウン飯塚店 2F,33.6325401,130.6852928,健康・医療
深見時計店,新飯塚,digital,深見時計・宝石・メガネ店,〒820-0005 福岡県飯塚市新飯塚１７−１０,33.6432806,130.6912797,店舗
セブンイレブン飯塚鯰田上町店,鯰田,digital,セブンイレブン 飯塚鯰田上町店,〒820-0001 福岡県飯塚市鯰田１９５６−３,33.6668973,130.7001277,コンビニ
農楽園八木山,八木山,digital,農楽園八木山,〒820-0047 福岡県飯塚市八木山２５９,33.639203,130.61974,その他
でんきのパワフル相田店,相田,digital,Panasonic shop でんきのパワフル相田店,〒820-0052 福岡県飯塚市相田３−３８,33.6595232,130.6682982,生活雑貨
メガネのＷＡＤＡ,潤野,digital,（株）メガネのWADA,〒820-0021 福岡県飯塚市潤野３１５−１,33.6301916,130.655872,健康・医療
ハローデイ柏の森店,柏の森,digital,ハローデイ 柏の森店,〒820-0011 福岡県飯塚市柏の森７２−７２ １Ｆ,33.642302,130.7045917,飲食店
大阪王将 ゆめタウン飯塚店,菰田西,digital,大阪王将 ゆめタウン飯塚店,〒820-0017 福岡県飯塚市菰田西３丁目６−１ ゆめタウン飯塚 2F,33.6298549,130.6854965,飲食店
ホワイトニングショップ飯塚店,新飯塚,digital,ホワイトニング専門店 ホワイトニングショップ飯塚店,〒820-0005 福岡県飯塚市新飯塚４−１７ プレアール新飯塚 402号,33.645241,130.6924997,美容室
ATAGOふれあいマーケット,鯰田,digital,ATAGOふれあいマーケット,〒820-0001 福岡県飯塚市鯰田２５２５,33.6526674,130.7022013,飲食店
ドラッグストアコスモス花瀬店,横田,digital,ドラッグストアコスモス 花瀬店,〒820-0044 福岡県飯塚市横田５９９,33.6409326,130.6692725,ドラッグストア
湊屋（みなとや）,相田,digital,酒のみなとや,〒820-0052 福岡県飯塚市相田２７３−１６,33.6576116,130.6582563,店舗
飛鳥会館,片島,digital,飛鳥会館 飯塚斎場,〒820-0068 福岡県飯塚市片島１丁目７−２９,33.6423221,130.6764883,葬儀場
PATISSERIE Doux,柏の森,digital,パティスリードゥー,〒820-0011 福岡県飯塚市柏の森４７３−６,33.6378398,130.6999774,ベーカリー
リフォームおはりばこ,菰田西,digital,おはりばこ,〒820-0017 福岡県飯塚市菰田西３丁目２−３,33.6314759,130.6887935,その他
パーソナルトレーニングスタジオ ボディブレイス,新飯塚,digital,パーソナルトレーニングスタジオ ボディブレイス,〒820-0005 福岡県飯塚市新飯塚２０−７,33.6444895,130.6905693,ジム
ヨガ、エステサロンs.f &c野上愛子,鯰田,digital,Yoga salon. エステsalon,〒820-0001 福岡県飯塚市鯰田２４２３−４,33.6554092,130.6980521,美容室
第一タイヤサービス,横田,digital,第一タイヤサービス,〒820-0044 福岡県飯塚市横田５２−１,33.6451622,130.6756292,自動車修理
喜酒楽膳あぐら,飯塚,digital,喜酒楽膳 あぐら,〒820-0041 福岡県飯塚市飯塚１１−９ 心ビル 1F,33.6364891,130.6859175,飲食店
㈱エコライフ福岡,片島,digital,株式会社ｴｺﾗｲﾌ福岡,〒820-0068 福岡県飯塚市片島３丁目１６−２６,33.6471086,130.6784332,飲食店
(株)本河住建,柏の森,digital,本河住建,〒820-0011 福岡県飯塚市柏の森７５−１,33.6417123,130.7048369,建設・工事
KAIKA ゆめタウン飯塚店,菰田西,digital,KAIKA ゆめタウン飯塚店,〒820-0017 福岡県飯塚市菰田西３丁目６−１ ゆめタウン飯塚 1F,33.6322519,130.6855079,花屋
旬楽みささ,新飯塚,digital,旬楽みささ,〒820-0005 福岡県飯塚市新飯塚６−６ 花宅ビル 106,33.643463,130.693047,飲食店
ヘアーサロンムラカミ,鯰田,digital,ムラカミ理容,〒820-0001 福岡県飯塚市鯰田５５２−２,33.668001,130.7080883,美容室
ノエビア福岡南販売,横田,digital,ノエビア福岡南販売(オフィス・トベ),〒820-0044 福岡県飯塚市横田５６６−５,33.6395021,130.6665544,店舗
WHISKY AJOTSSI,飯塚,digital,WHISKY AJOTSSI,〒820-0041 福岡県飯塚市飯塚１２−１８,33.6368782,130.6850516,店舗
玉翠堂,片島,digital,玉翠堂,〒820-0068 福岡県飯塚市片島２丁目１−１５,33.644705,130.684878,その他
祭りばやし,柏の森,digital,祭りばやし,〒820-0011 福岡県飯塚市柏の森54−５４１−６,33.6417334,130.6977756,飲食店
からあげ大将飯塚本店,菰田西,digital,からあげ大将 飯塚本店,〒820-0017 福岡県飯塚市菰田西２丁目４−１２,33.6296117,130.6874458,飲食店
ご馳走家むつごろう,新飯塚,digital,ご馳走家 むつごろう,〒820-0005 福岡県飯塚市新飯塚１５−５,33.6433238,130.6922552,飲食店
いづみや,西徳前,digital,肉のいづみや,〒820-0031 福岡県飯塚市西徳前９−１６,33.6361092,130.6786918,飲食店
パンセ 横田店,横田,digital,（株）パンセ 本店,〒820-0044 福岡県飯塚市横田５８９−１,33.6406205,130.6688787,美容室
魚茂鮮魚店,飯塚,digital,飯塚 魚茂鮮魚店,〒820-0041 福岡県飯塚市飯塚１８−２,33.6370096,130.684746,飲食店
パドドゥ・ル・コトブキ,片島,digital,パドドゥ·ル·コトブキ,〒820-0068 福岡県飯塚市片島１丁目７−６２,33.6437833,130.677825,飲食店
ミシンのオズ西日本ミシン販売,柏の森,digital,西日本ミシン販売（株） 本社営業部,〒820-0011 福岡県飯塚市柏の森６０１−５,33.6458266,130.7022504,その他
カメラのキタムラ ゆめタウン飯塚店,菰田西,digital,カメラのキタムラ 飯塚・ゆめタウン飯塚店,〒820-0017 福岡県飯塚市菰田西３丁目６−１ ゆめタウン飯塚 ２階,33.6326205,130.6852813,電器店
時計宝石眼鏡ムカイダ,新飯塚,digital,メガネのムカイダ,〒820-0005 福岡県飯塚市新飯塚６−３,33.643836,130.693197,健康・医療
珈琲焙煎工房 まめや福岡ユタカ,西徳前,digital,焙煎工房 まめや福岡 ユタカ,〒820-0031 福岡県飯塚市西徳前４−３７,33.6378808,130.6803088,飲食店
藤﨑建築,横田,digital,藤崎建築,〒820-0044 福岡県飯塚市横田３６６−２,33.6405427,130.6742665,建設・工事
魚佐,飯塚,digital,魚佐,〒820-0041 福岡県飯塚市飯塚１０−２６,33.63635550000001,130.6862098,飲食店
第一ボウル,片島,digital,飯塚 第一ボウルランドパーク,〒820-0068 福岡県飯塚市片島１丁目１０−１４,33.6455685,130.6785308,ボウリング
無印良品かやの森,柏の森,digital,無印良品 かやの森,〒820-0011 福岡県飯塚市柏の森 大字柏ノ森字大谷８－５ １Ｆ,33.6453664,130.7108917,衣料品店
ニュウファッション神戸,菰田西,digital,ニュウファッション神戸,〒820-0017 福岡県飯塚市菰田西３丁目８−９,33.63229,130.6871458,衣料品店
炭火串焼弥一,新飯塚,digital,炭火串焼 弥一,〒820-0005 福岡県飯塚市新飯塚１５−４,33.6434194,130.6922611,飲食店
庄屋飯塚店,西徳前,digital,和食レストラン 庄屋 飯塚店,〒820-0031 福岡県飯塚市西徳前１４−３３６−２４,33.6373367,130.6759066,飲食店
ＰＯＬＡアメリーズ店,横田,digital,POLA 飯塚店,〒820-0044 福岡県飯塚市横田５８５−１,33.6409837,130.6670755,美容室
インテリアクラヤ,飯塚,digital,（株）クラヤ インテリア,〒820-0041 福岡県飯塚市飯塚１２−１２−９,33.6370942,130.6861141,生活雑貨
中央モータース,片島,digital,中央モータース,〒820-0068 福岡県飯塚市片島２丁目３−８,33.6455174,130.6844872,店舗
レストラン明治屋,柏の森,digital,レストラン明治屋,〒820-0011 福岡県飯塚市柏の森４３−７,33.6435302,130.7062911,飲食店
合屋電器店,菰田西,digital,Panasonic shop 合屋電器店,〒820-0017 福岡県飯塚市菰田西２丁目４−９,33.6293463,130.6874644,生活雑貨
手づくりケーキラ・パレット,新飯塚,digital,パティスリー ラ・パレット,〒820-0005 福岡県飯塚市新飯塚６−１ 花宅ビル,33.6434746,130.6932343,ベーカリー
グーテンターク,西町,digital,グーテンターク,〒820-0043 福岡県飯塚市西町７−４３,33.6411553,130.6775953,飲食店
ミスターマックス飯塚花瀬店,横田,digital,ミスターマックス 飯塚花瀬店,〒820-0044 福岡県飯塚市横田５８１−６,33.6403661,130.6674767,ドラッグストア
倉掛米穀店,飯塚,digital,倉掛米穀店,〒820-0041 福岡県飯塚市飯塚１２−２０,33.63686,130.6849358,飲食店
ドコモショップ飯塚店,片島,digital,ドコモショップ飯塚店,〒820-0068 福岡県飯塚市片島３丁目１６−１５,33.6465029,130.6778703,店舗
モスバーガー飯塚かやの森店,柏の森,digital,モスバーガー飯塚かやの森店,〒820-0011 福岡県飯塚市柏の森７−１,33.6454146,130.7109203,カフェ
サーティワンアイスクリーム ゆめタウン飯塚店,菰田西,digital,サーティワンアイスクリーム ゆめタウン飯塚店,〒820-0017 福岡県飯塚市菰田西３丁目６−１,33.632598,130.685579,ベーカリー
赤崎牛ダイニング リヤン,新飯塚,digital,"赤崎牛直営店“le lien""Charcoal Restaurant",〒820-0005 福岡県飯塚市新飯塚７−２２,33.642606,130.693343,飲食店
居酒屋 たーぶる,西町,digital,居食屋 たーぶる,〒820-0043 福岡県飯塚市西町７−１２,33.6406467,130.6789132,飲食店
みそらぼ,横田,digital,MisoLabo みそらぼ,〒820-0044 福岡県飯塚市横田５１５−１ ラグエクリュA 3号,33.6397109,130.6700203,飲食店
餃子とサワー 月光,飯塚,digital,餃子とサワー月光,〒820-0041 福岡県飯塚市飯塚３−３,33.6385362,130.6872746,飲食店
Ｈｉｙｏｒｉ,片島,digital,Hiyori（パドドゥ・ル・コトブキ新館）,〒820-0068 福岡県飯塚市片島１丁目８−２０,33.6433792,130.676695,その他
もつ鍋 やじろべえ飯塚店,柏の森,digital,もつ鍋 やじろべえ 飯塚店,〒820-0011 福岡県飯塚市柏の森５１６−２,33.6402209,130.6988621,バー
庄屋ゆめタウン飯塚店,菰田西,digital,庄屋 ゆめタウン飯塚店,〒820-0017 福岡県飯塚市菰田西３丁目６−１ ゆめタウン飯塚 2F,33.6325403,130.6852944,飲食店
のがみプレジデントホテル 中国料理のがみ大飯店,新立岩,digital,中国料理 のがみ大飯店,〒820-0004 福岡県飯塚市新立岩１２−３７,33.64584019999999,130.690451,飲食店
ノエビア新飯塚販売会社,西町,digital,ノエビア 新飯塚営業所,〒820-0043 福岡県飯塚市西町４−１３,33.6397116,130.6796983,店舗
（有）建築工房やました屋,横田,digital,tatta 建築工房やました屋,〒820-0044 福岡県飯塚市横田５８９−１,33.64068,130.6691207,その他
肉の神戸屋,飯塚,digital,肉の神戸屋,〒820-0042 福岡県飯塚市本町１２−２０ 東町商店街内,33.6369194,130.6849213,飲食店
三星石油,片島,digital,ENEOS 飯塚 SS (三星石油),〒820-0068 福岡県飯塚市片島２丁目４−１１,33.6462054,130.6842048,ガソリンスタンド
酒菜よし葉,柏の森,digital,酒菜 よし葉,〒820-0011 福岡県飯塚市柏の森６４９−３,33.6399199,130.6948172,飲食店
手づくりパン工房スピカ,菰田西,digital,手づくりパン工房 スピカ,〒820-0017 福岡県飯塚市菰田西３丁目１−４,33.6317289,130.6890515,ベーカリー
のがみプレジデントホテル 和食処 日本海,新立岩,digital,和食処 日本海,〒820-0004 福岡県飯塚市新立岩１２−３７,33.6456501,130.6901427,飲食店
ビアレストラン Ｂーｓｐｏｔ,西町,digital,ビアレストラン・ビースポット,〒820-0043 福岡県飯塚市西町２−５９ サテライトマンション ２０１,33.6400326,130.680848,バー
龍王ガス,横田,digital,龍王ガス(株) 本社,〒820-0044 福岡県飯塚市横田８２６−３,33.6498867,130.669893,その他
学生服のタナカ,飯塚,digital,学生服のタナカ,〒820-0041 福岡県飯塚市飯塚５−３３,33.6360658,130.6866556,衣料品店
室井酒店,片島,digital,室井酒店,〒820-0068 福岡県飯塚市片島２丁目２１−２２,33.647332,130.68332,店舗
カラオケ＆カフェ ＲＥＶＯ,柏の森,digital,KARAOKE & CAFE REVO,〒820-0011 福岡県飯塚市柏の森56番１１,33.6437208,130.7036848,その他
スタジオマリオ ゆめタウン飯塚店,菰田西,digital,スタジオマリオ 飯塚・ゆめタウン飯塚店,〒820-0017 福岡県飯塚市菰田西３丁目６−１ ゆめタウン飯塚 2階,33.632117,130.685078,その他
のがみプレジデントホテル,新立岩,digital,のがみプレジデントホテル,〒820-0004 福岡県飯塚市新立岩１２−３７,33.6456476,130.6901457,宿泊施設
山野愛子どろんこ美容＆Relax Plus,西町,digital,山野愛子どろんこ美容飯塚＆Relax Plus,〒820-0043 福岡県飯塚市西町４−５３ アルカビル 1F,33.6403176,130.6805367,美容室
あぐらの離れ,芳雄町,digital,海鮮居酒屋 あぐらの離れ,〒820-0018 福岡県飯塚市芳雄町１−１１,33.6418044,130.6933319,飲食店
高取金物店,飯塚,digital,高取金物店,〒820-0041 福岡県飯塚市飯塚１１−２３,33.63675,130.685787,店舗
リンガーハット飯塚水江店,片島,digital,リンガーハット 飯塚水江店,〒820-0068 福岡県飯塚市片島２丁目５−２,33.6520253,130.6834433,飲食店
ワイズキッチン,柏の森,digital,Ｙ’ｓキッチン,〒820-0011 福岡県飯塚市柏の森５３２−３,33.6410116,130.698431,飲食店
Zoff Marche ゆめタウン飯塚,菰田西,digital,Zoff Marche ゆめタウン飯塚店,〒820-0017 福岡県飯塚市菰田西３丁目６−１ ゆめタウン飯塚 2F,33.6325403,130.6852944,健康・医療
古谷金物店,新立岩,digital,（株）古谷金物店,〒820-0004 福岡県飯塚市新立岩１３−８,33.6450558,130.6892881,店舗
コトツキ、,花瀬,digital,コトツキ、,〒820-0045 福岡県飯塚市花瀬１４８−２,33.6429678,130.6592291,飲食店
スーパーマーケットASO新飯塚店,芳雄町,digital,スーパー麻生 新飯塚店,〒820-0018 福岡県飯塚市芳雄町２−１９５２,33.6419224,130.6929919,飲食店
田中糸店,飯塚,digital,田中糸店,〒820-0041 福岡県飯塚市飯塚１２−１１,33.637064,130.685804,店舗
手造りバーガーショップ レイダック,片島,digital,手造りバーガーショップ RAY DUCK,〒820-0068 福岡県飯塚市片島２丁目８−９,33.6512294,130.6834551,飲食店
タイヤガーデンBーWAVE,川島,digital,タイヤガーデン B-WAVE店,〒820-0002 福岡県飯塚市川島２３１−６,33.6581296,130.6938437,自動車修理
筑豊葬祭飯塚本社斎場,菰田西,digital,筑豊葬祭 飯塚本社斎場,〒820-0017 福岡県飯塚市菰田西３丁目１７−８,33.6360891,130.6898772,葬儀場
アルソア Ｄｏ,立岩,digital,アルソア Do(ドゥ),〒820-0003 福岡県飯塚市立岩１５０６−１２,33.6484969,130.6911146,店舗
ジャーマンベーカリー飯塚花瀬店,花瀬,digital,ジャーマンベーカリー 花瀬店,〒820-0045 福岡県飯塚市花瀬７１−１,33.6411598,130.6615121,飲食店
上島珈琲店飯塚病院店,芳雄町,digital,上島珈琲店 飯塚病院店,〒820-0018 福岡県飯塚市芳雄町３−８３ 飯塚病院 1F,33.642493,130.691437,カフェ
だがしのお店だがシステム,飯塚,digital,だがシステム,〒820-0041 福岡県飯塚市飯塚１２−２０,33.6369308,130.6848722,飲食店
ロイヤルホスト飯塚店,片島,digital,ロイヤルホスト飯塚店,〒820-0068 福岡県飯塚市片島１丁目７−２９,33.6425615,130.6768155,飲食店
グッデイ飯塚店,川島,digital,ホームセンターグッデイ 飯塚店,〒820-0002 福岡県飯塚市川島６９６,33.6537049,130.6880463,衣料品店
筑豊葬祭セレモニーヴィラ飯塚,菰田西,digital,筑豊葬祭 セレモニー ヴィラ 飯塚,〒820-0017 福岡県飯塚市菰田西３丁目１７−４,33.6358352,130.6896951,葬儀場
焼肉王城飯塚店,立岩,digital,焼肉王城飯塚店,〒820-0003 福岡県飯塚市立岩１１２６−８,33.6457882,130.6973007,飲食店
セブンイレブン飯塚花瀬店,花瀬,digital,セブン-イレブン 飯塚花瀬店,〒820-0045 福岡県飯塚市花瀬１７９−１,33.6414294,130.6593309,コンビニ
サンエトワール新飯塚店,芳雄町,digital,サンエトワール新飯塚店,〒820-0018 福岡県飯塚市芳雄町４−２０,33.6414337,130.6930411,ベーカリー
濃厚生乳ソフトクリーム専門店だがソフ,飯塚,digital,だがソフ（濃厚生乳ソフトクリーム専門店）,〒820-0041 福岡県飯塚市飯塚１３−２３,33.6366368,130.6851286,飲食店
アントス（株）,上三緒,digital,アントス（株）,〒820-0013 福岡県飯塚市上三緒１７２−１,33.6213643,130.717443,その他
arukーある暮らしー,川津,digital,aruk cafe（アルクカフェ),〒820-0067 福岡県飯塚市川津２７１−２,33.6505855,130.6790493,カフェ
TeaWayゆめタウン飯塚店,菰田西,digital,TeaWay ティーウェイ ゆめタウン飯塚店,〒820-0040 福岡県飯塚市菰田西３丁目６−１ ゆめタウン飯塚 1階,33.6322249,130.685502,飲食店
クイックショット,立岩,digital,【出張PCクリニック】クイックショット,〒820-0003 福岡県飯塚市立岩１２４４−１６ 1244番地16,33.6504356,130.6964265,その他
ゆめマート花瀬,花瀬,digital,ゆめマート 花瀬,〒820-0045 福岡県飯塚市花瀬１６８−２,33.6421063,130.6582171,飲食店
花和,芳雄町,digital,花和,〒820-0018 福岡県飯塚市芳雄町１８−２８,33.6390043,130.6921515,花屋
天喜,飯塚,digital,天喜,〒820-0041 福岡県飯塚市飯塚１１−８,33.636531,130.68599,飲食店
佐藤商店,上三緒,digital,（有）佐藤商店,〒820-0013 福岡県飯塚市上三緒１−４５,33.61779180000001,130.7181337,生活雑貨
アールテックシステム株式会社,川津,digital,アールテックシステム株式会社,〒820-0067 福岡県飯塚市川津３６９−４,33.64772,130.6781475,建設・工事
トップワンカフェ,菰田西,digital,TOP ONE CAFE（トップワンカフェ）,〒820-0017 福岡県飯塚市菰田西３丁目１４−２７,33.6329333,130.6847572,カフェ
寺子屋 ZEN,立岩,digital,寺子屋ZEN,〒820-0003 福岡県飯塚市立岩１３４７−１,33.6478886,130.6942962,その他
居酒屋味坊,東徳前,digital,味坊,〒820-0032 福岡県飯塚市東徳前２０−３０ 金澤ビル,33.635992,130.679265,飲食店
パンセ アミエ店,芳雄町,digital,（株）パンセ アミエ店,〒820-0018 福岡県飯塚市芳雄町８−１８２９−１,33.6403391,130.692609,美容室
ともや玩具店,飯塚,digital,ともや玩具店,〒820-0041 福岡県飯塚市飯塚１２−１４,33.6370358,130.6855536,店舗
しらゆり会館飯塚・上三緒会場,上三緒,digital,しらゆり会館上三緒斎場,〒820-0013 福岡県飯塚市上三緒８７１−９,33.6249639,130.7034243,葬儀場
アンコルド パン,川津,digital,パン工房 Encore du Pain（アンコル・ド・パン）,〒820-0067 福岡県飯塚市川津１９４−２,33.6530483,130.6798853,ベーカリー
ニトリデコホーム ゆめタウン飯塚店,菰田西,digital,ゆめタウン飯塚,〒820-0017 福岡県飯塚市菰田西３丁目６−１,33.6320873,130.6850743,shopping_mall
ツルハドラッグ新飯塚店,立岩,digital,ツルハドラッグ 新飯塚店,〒820-0003 福岡県飯塚市立岩964番32,33.6439725,130.696343,ドラッグストア
居酒屋二代目きんぐ,東徳前,digital,居酒屋きんぐ,〒820-0032 福岡県飯塚市東徳前９−６,33.6349536,130.6818628,飲食店
ローソン飯塚病院店,芳雄町,digital,ローソン 飯塚病院店,〒820-0018 福岡県飯塚市芳雄町３−８３,33.6426526,130.6921453,コンビニ
和風ダイニングとし,飯塚,digital,とし,〒820-0041 福岡県飯塚市飯塚５−４０,33.636758,130.686551,飲食店
スーパーセンタートライアル上三緒店,上三緒,digital,スーパーセンタートライアル上三緒店,〒820-0013 福岡県飯塚市上三緒１−７,33.6207046,130.7192382,ドラッグストア
メガネのアイ・ルック,川津,digital,メガネのアイ・ルック,〒820-0067 福岡県飯塚市川津４０９−２ コスモ8,33.647985,130.674524,健康・医療
パスタトピザ ゆめタウン飯塚店,菰田西,digital,PASTA to PIZZA ゆめタウン飯塚店,〒820-0017 福岡県飯塚市菰田西３丁目６−１ ゆめタウン飯塚 2階レストラン街,33.6300379,130.6855612,飲食店
フードウェイ新飯塚店,立岩,digital,フードウェイ 新飯塚店,〒820-0003 福岡県飯塚市立岩964番地32,33.644149,130.6962701,飲食店
アベタ・ソレイユ/ヴァーグ,本町,digital,アベタ本町店,〒820-0042 福岡県飯塚市本町２−１９,33.6399015,130.6862332,衣料品店
R－GARDEN+,吉原町,digital,R-GARDEN+,〒820-0040 福岡県飯塚市吉原町１１−１,33.6407525,130.6858977,カフェ
ジーンズショップナカムラ,飯塚,digital,ジーンズショップ ナカムラ,〒820-0041 福岡県飯塚市飯塚１２−２２,33.63700490000001,130.6849193,衣料品店
ふらんす料理 平野,上三緒,digital,ふらんす料理 平野,〒820-0013 福岡県飯塚市上三緒４４３−１４６,33.6279227,130.7157935,飲食店
パティスリー エスポワール,川津,digital,Patisserie Espoir(パティスリーエスポワール),〒820-0067 福岡県飯塚市川津６３９−４,33.6525805,130.6794094,ベーカリー
パリミキ ゆめタウン飯塚店,菰田西,digital,パリミキ ゆめタウン飯塚店,〒820-0017 福岡県飯塚市菰田西３丁目６−１ ゆめタウン飯塚 ２階,33.6326269,130.6852821,健康・医療
飯塚瓦工業,鶴三緒,digital,飯塚瓦工業,〒820-0014 福岡県飯塚市鶴三緒１３３５−５,33.6278246,130.6956404,屋根工事
炭火焼鳥あらた,本町,digital,炭火焼鳥 あらた arata,〒820-0042 福岡県飯塚市本町５−１４,33.6387703,130.6865518,バー
（一社）飯塚観光協会,吉原町,digital,一般社団法人飯塚観光協会,〒820-0040 福岡県飯塚市吉原町６−１ あいタウン 2F,33.6417441,130.686434,旅行代理店
花のフジモト,飯塚,digital,花のフジモト,〒820-0041 福岡県飯塚市飯塚１３−２１,33.637059,130.684913,花屋
パンとお菓子の店Fille de ble’,上三緒,digital,パンとお菓子の店Fille de ble´（ﾌｨｰﾕﾄﾞﾌﾞﾚ）,〒820-0013 福岡県飯塚市上三緒445番地4,33.6255108,130.7152129,ベーカリー
オーラッキーズクラブ,川津,digital,【新車中古車販売】オーラッキーズクラブ,〒820-0067 福岡県飯塚市川津７３０,33.6543951,130.6830756,自動車修理
ひよ子本舗吉野堂 ゆめタウン飯塚店,菰田西,digital,ひよ子 ゆめタウン飯塚店,〒820-0017 福岡県飯塚市菰田西３丁目６−１,33.6325403,130.6852944,飲食店
かほ兵衛の台所,鶴三緒,digital,ファーマーズマーケット｢かほ兵衛の台所｣,〒820-0014 福岡県飯塚市鶴三緒１１５１−１,33.6273699,130.701004,その他
ヴィタリコ飯塚店,本町,digital,ヴィタリコ飯塚店,〒820-0042 福岡県飯塚市本町７−２４,33.640133,130.6847816,衣料品店
大賀薬局飯塚あいタウン店,吉原町,digital,大賀ドラッグストア 飯塚あいタウン店,〒820-0040 福岡県飯塚市吉原町６−１ アイタウン 2F,33.6417444,130.6864091,ドラッグストア
パブ珈琲園,飯塚,digital,パブコーヒーエン,〒820-0041 福岡県飯塚市飯塚１２−２５,33.6370594,130.6851853,カフェ
ミスタータイヤマンパドック飯塚,上三緒,digital,ミスタータイヤマン パドック飯塚,〒820-0013 福岡県飯塚市上三緒１−６３,33.6188732,130.7195038,自動車修理
焼肉レストラン牛仙,川津,digital,焼肉レストラン 牛仙,〒820-0067 福岡県飯塚市川津７７−２ キュート舞の浦 1F,33.6560576,130.6816713,飲食店
ボンフカヤ ゆめタウン飯塚店,菰田西,digital,ボンフカヤ ゆめタウン飯塚店,〒820-0017 福岡県飯塚市菰田西３丁目６−１ ゆめタウン飯塚 1F,33.63178440000001,130.6849767,靴店
焼肉のすから,鶴三緒,digital,すから,〒820-0014 福岡県飯塚市鶴三緒１４７６−５,33.626212,130.698,飲食店
熾火ト酒,本町,digital,熾火ト酒,〒820-0042 福岡県飯塚市本町８−１７,33.639039,130.685579,飲食店
かめ屋質店,吉原町,digital,かめ屋質店,〒820-0040 福岡県飯塚市吉原町７−２１ 扶桑ビル,33.6404379,130.686858,店舗
フジイ進物店,飯塚,digital,（株）フジイ進物店,〒820-0041 福岡県飯塚市飯塚１１−２６,33.6367052,130.6861046,店舗
もりまさ薬局,上三緒,digital,もりまさ薬局,〒820-0013 福岡県飯塚市上三緒１７７−２２,33.6224288,130.7165619,健康・医療
げんき屋,川津,digital,焼鳥 げんき屋,〒820-0067 福岡県飯塚市川津２８３−１,33.6511351,130.6785974,飲食店
マックハウスゆめタウン飯塚店,菰田西,digital,マックハウス ゆめタウン飯塚店,〒820-0017 福岡県飯塚市菰田西３丁目６−１ ゆめタウン飯塚 2F,33.6303356,130.6853387,衣料品店
セブンイレブン飯塚鶴三緒店,鶴三緒,digital,セブン-イレブン 飯塚鶴三緒店,〒820-0014 福岡県飯塚市鶴三緒１５４８−２,33.6245528,130.6996706,コンビニ
佐藤眼鏡店(メガネのサトー),本町,digital,メガネのサトー本町店,〒820-0042 福岡県飯塚市本町７−２０ 商店街,33.6399219,130.684705,健康・医療
やきとりの炭活,吉原町,digital,やきとりの炭活,〒820-0040 福岡県飯塚市吉原町８−４７,33.6400415,130.6870729,飲食店
Cut in Murashi,飯塚,digital,カットインムラシ美容室,〒820-0041 福岡県飯塚市飯塚４−１９ アークスビル,33.6373578,130.6865328,美容室
居酒屋落花生,上三緒,digital,落花生,〒820-0013 福岡県飯塚市上三緒４４５−１７,33.6256907,130.7154942,飲食店
aruk cafe,川津,digital,aruk cafe（アルクカフェ),〒820-0067 福岡県飯塚市川津２７１−２,33.6505855,130.6790493,カフェ
マルイチ商会,菰田西,digital,マルイチ商会,〒820-0017 福岡県飯塚市菰田西３丁目４−１,33.6314038,130.6866424,その他
寿司海鮮和食処 やますい,鶴三緒,digital,寿司海鮮和食処 やますい,〒820-0014 福岡県飯塚市鶴三緒１０９９−３,33.6274483,130.7010966,飲食店
しまづ者,本町,digital,海鮮居酒屋 しまづ者,〒820-0042 福岡県飯塚市本町８−７,33.6395675,130.6859262,飲食店
ファミリーショップそうあい,吉原町,digital,（有）ソウアイ,〒820-0040 福岡県飯塚市吉原町７−２１,33.6403609,130.6868951,宝飾店
元野木書店,飯塚,digital,（株）元野木書店,〒820-0041 福岡県飯塚市飯塚１８−３,33.6369614,130.6846128,書店
おしゃれハウスアモ,柏の森,digital,おしゃれハウス アモ,〒820-0011 福岡県飯塚市柏の森５１６−１,33.640041,130.698712,美容室
小林硝子店,川津,digital,（株）小林硝子店,〒820-0067 福岡県飯塚市川津３５７−５,33.6468372,130.6756212,店舗
まるまんフィオーレ,菰田西,digital,まるまんフィオーレゆめタウン飯塚店,〒822-0017 福岡県飯塚市菰田西３丁目６−１ ゆめタウン飯塚 1階,33.6326269,130.6852821,店舗
スーパーセンタートライアル飯塚店,徳前,digital,スーパーセンタートライアル飯塚店,〒820-0033 福岡県飯塚市徳前４０−１,33.632029,130.683112,ドラッグストア
ＲＲＲエンターテイメント,本町,digital,本町商店街,〒820-0042 福岡県飯塚市本町１０,33.6382869,130.6849324,その他
鳥一,吉原町,digital,とり料理 鳥一（とりいち）,〒820-0040 福岡県飯塚市吉原町８−２３,33.6390197,130.6879247,飲食店
矢野鮮魚店,飯塚,digital,矢野鮮魚店,〒820-0041 福岡県飯塚市飯塚１２−２４,33.6370761,130.6850659,飲食店
麻生塾スポーツガーデン,柏の森,digital,麻生塾スポーツガーデン,〒820-0011 福岡県飯塚市柏の森１１−４,33.6436111,130.7097222,その他
サンドラッグ九工大前店,川津,digital,サンドラッグ 九工大前店,〒820-0067 福岡県飯塚市川津６８０−５,33.6515262,130.6728321,ドラッグストア
八女茶の西村園茶舗 ゆめタウン飯塚店,菰田西,digital,西村園茶舗,〒820-0017 福岡県飯塚市菰田西３丁目６−１,33.6325403,130.6852944,飲食店
アルゾ飯塚幸袋店,中,digital,アルゾ 飯塚幸袋店,〒820-0065 福岡県飯塚市中２２７−１,33.6665053,130.687537,飲食店
炭バル ダブル,本町,digital,炭バル www-double-（ダブル）,〒820-0042 福岡県飯塚市本町７−２８ ザ、ズームビル 1F,33.6404029,130.6848165,飲食店
内藤園あいタウン店,吉原町,digital,（株）内藤園 支店あいタウン店,〒820-0040 福岡県飯塚市吉原町６−１,33.641744,130.686434,飲食店
ユゲデンキ,飯塚,digital,ユゲデンキ（株） サウンズライフユゲ別館,〒820-0041 福岡県飯塚市飯塚１２−１１,33.6370585,130.6857286,電器店
麻生塾ボウル,柏の森,digital,麻生塾ボウル,〒820-0011 福岡県飯塚市柏の森６−１ 麻生塾ボウル １階,33.6448336,130.7092223,ボウリング
酒の昌屋,川津,digital,酒の昌屋,〒820-0067 福岡県飯塚市川津４１９−１,33.646618,130.67461,店舗
ゆめタウン飯塚,菰田西,digital,ゆめタウン飯塚,〒820-0017 福岡県飯塚市菰田西３丁目６−１,33.6320873,130.6850743,shopping_mall
内山刃物,中,digital,内山刃物,〒820-0065 福岡県飯塚市中４８４−２,33.6652722,130.6844996,店舗
セブンイレブン飯塚本町店,本町,digital,セブン-イレブン 飯塚本町店,〒820-0042 福岡県飯塚市本町８−１,33.6397608,130.6856687,コンビニ
学生服のひめじ屋,吉原町,digital,学生服のひめじ屋,〒820-0040 福岡県飯塚市吉原町６−１ あいタウン 1階,33.6417444,130.6864091,衣料品店
リコグリル,飯塚,digital,リコグリル,〒820-0041 福岡県飯塚市飯塚１１−２３,33.636773,130.685873,バー
一八飯店,柏の森,digital,中華料理 一八飯店,〒820-0011 福岡県飯塚市柏の森９２,33.6389363,130.7061228,飲食店
パティスリースペリオール,川津,digital,Patisserie SUPERIOR (パティスリースペリオール),〒820-0067 福岡県飯塚市川津１９４−２,33.6531725,130.679943,ベーカリー
メガネのヨネザワ ゆめタウン飯塚店,菰田西,digital,メガネのヨネザワ ゆめタウン飯塚店,〒820-0017 福岡県飯塚市菰田西３丁目６−１,33.6326269,130.6852821,健康・医療
Cafe Rocco,中,digital,Cafe ROCCO（カフェ・ロッコ）,〒820-0065 福岡県飯塚市中４３１−１,33.6648264,130.6857647,カフェ
E-REVO卓球BASE,本町,digital,E-REVO 卓球BASE（イーレボ）,〒820-0042 福岡県飯塚市本町１３−８ 飯塚SSビル 5階,33.6374474,130.6846155,その他
Ｐｓ 美容室,吉原町,digital,Ps美容室,〒820-0040 福岡県飯塚市吉原町５−３ TMビル,33.643541,130.685384,美容室
にじいろ整体セラピー,飯塚,digital,にじいろ整体セラピー,〒820-0041 福岡県飯塚市飯塚１８−３ 元野木書店ビル 1Ｆ,33.6369614,130.6846128,その他
串かつ 壱番串,柏の森,digital,串かつ 壱番串,〒820-0011 福岡県飯塚市柏の森５０３−１,33.6388378,130.6993561,飲食店
セブンイレブン飯塚川津店,川津,digital,セブン-イレブン 飯塚川津店,〒820-0067 福岡県飯塚市川津３５９−２,33.6473579,130.6760038,コンビニ
Life Clip(ライフクリップ),菰田西,digital,Life Clip（ライフクリップ）,〒820-0017 福岡県飯塚市菰田西３丁目６−１ ゆめタウン飯塚 ２F,33.631195,130.6855917,店舗
カラオケリズミカル サンタス飯塚店,中,digital,カラオケリズミカル 飯塚サンタス店,〒820-0065 福岡県飯塚市中３３０−１,33.6675669,130.6833256,その他
タイラ時計店,本町,digital,宝石時計のタイラ,〒820-0042 福岡県飯塚市本町１５−８,33.638828,130.68472,店舗
味の明太子ふくや飯塚店,吉原町,digital,味の明太子ふくや 飯塚店,〒820-0040 福岡県飯塚市吉原町１１−２ 佐藤ビル,33.640764,130.685915,飲食店
倉重酒店ー酒を愉しみ食を喜ぶー,伊川,digital,倉重酒店 ー酒を愉しみ食を喜ぶー,〒820-0054 福岡県飯塚市伊川５３５−１７,33.6511709,130.6542629,店舗
おの庄,柏の森,digital,おの庄,〒820-0011 福岡県飯塚市柏の森１０３８−２,33.6424941,130.6983472,飲食店
焼肉ソウル,川津,digital,焼肉 ソウル（飯塚）,〒820-0067 福岡県飯塚市川津１５１−１,33.653509,130.6803373,飲食店
渡辺果実店,菰田西,digital,渡辺果実店,〒820-0017 福岡県飯塚市菰田西２丁目２−３１,33.6286938,130.6882939,飲食店
ステーキビストロWaltz,中,digital,ステーキビストロ Waltz（ワルツ）,〒820-0065 福岡県飯塚市中１７７−１,33.6663303,130.6881732,飲食店
竹川鮮魚,本町,digital,竹川鮮魚,〒820-0042 福岡県飯塚市本町１６−３２,33.6402377,130.6840207,飲食店
音楽BAR BREAK TIME,吉原町,digital,音楽BAR ブレイクタイム,〒820-0040 福岡県飯塚市吉原町８−４０,33.6393436,130.6873783,バー
木原コンタクト,伊岐須,digital,木原眼科医院,〒820-0053 福岡県飯塚市伊岐須２９８−６,33.652417,130.665148,医療機関
炭火焼肉嘉苑,柏の森,digital,炭火焼肉嘉苑,〒820-0011 福岡県飯塚市柏の森４−１,33.6449439,130.7081285,飲食店
東洋ドライ 川津店,川津,digital,（株）東洋ドライ（クリーニング）川津店,〒820-0067 福岡県飯塚市川津１４９−１,33.6533918,130.6806087,クリーニング
セブンイレブン飯塚下三緒店,下三緒,digital,セブン-イレブン 飯塚下三緒店,〒820-0012 福岡県飯塚市下三緒２９６−８,33.634842,130.704977,コンビニ
ツルハドラッグ 中店,中,digital,ツルハドラッグ 中店,〒820-0065 福岡県飯塚市中４１９−１,33.6648468,130.6868689,ドラッグストア
千鳥屋本家 飯塚本店,本町,digital,千鳥屋本家 飯塚本店,〒820-0042 福岡県飯塚市本町４−２１ 4番21号,33.6380121,130.6866114,飲食店
丸和カーテン,吉原町,digital,丸和カーテン,〒820-0040 福岡県飯塚市吉原町６−１ あいタウン ２Ｆ,33.6417819,130.6864612,生活雑貨
炒めラーメンYAMA,伊岐須,digital,炒めラーメンYama,〒820-0053 福岡県飯塚市伊岐須６３８−４,33.6517839,130.6571965,飲食店
きっずえんじぇる飯塚店,柏の森,digital,きっずえんじぇる 飯塚店,〒820-0011 福岡県飯塚市柏の森５４２−１１,33.6420612,130.6981549,衣料品店
東洋ドライ ハローデイ店,川津,digital,（株）東洋ドライ（クリーニング）ハローデイ店,〒820-0067 福岡県飯塚市川津６８０−５,33.651337,130.6727512,クリーニング
ＲａｙーｇーＣａｓｔ（レイジーキャスト）,下三緒,digital,レイジーキャスト,〒820-0012 福岡県飯塚市下三緒３２４−１,33.6342338,130.7046077,店舗
にこにこ亭,中,digital,ほかほか弁当 にこにこ亭 幸袋店,〒820-0065 福岡県飯塚市中４３１−６,33.6647112,130.6860407,飲食店
街家ｃａｆｅつむぎ,本町,digital,街家cafe つむぎ,〒820-0042 福岡県飯塚市本町１６−８,33.6397623,130.6844713,カフェ
や台ずし飯塚バスターミナル本町,吉原町,digital,や台ずし飯塚バスターミナル町,〒820-0040 福岡県飯塚市吉原町１１−３,33.6407944,130.6860557,飲食店
ドラッグストアコスモス伊岐須店,伊岐須,digital,ドラッグストアコスモス 伊岐須店,〒820-0053 福岡県飯塚市伊岐須１３０−２,33.652093,130.6665254,ドラッグストア
GYOGYOSUKE second,柏の森,digital,ぎょぎょすけ 柏の森店 夢魚夢串~ドリームフード~,〒820-0011 福岡県飯塚市柏の森５３２−３,33.64105680000001,130.6985922,飲食店
手打うどん・レンストランなごし,川津,digital,手打うどん&レストラン NAGOSHI（なごし）,〒820-0067 福岡県飯塚市川津２６−１,33.6563801,130.6828485,飲食店
(株)九酸ガス住設飯塚営業所,目尾,digital,(株)九酸ガス住設,〒820-0062 福岡県飯塚市目尾３９８,33.6716912,130.6984982,その他
ふくまＤＥＮＫＩ,中,digital,Panasonic shop 福島電機,〒820-0005 福岡県飯塚市新飯塚２３−２３,33.6432542,130.6891245,生活雑貨
とりさし梅松 福岡飯塚店,本町,digital,とりさし梅松 福岡飯塚店,〒820-0042 福岡県飯塚市本町８−３０,33.639551,130.6848886,飲食店
ゆめマート飯塚,吉原町,digital,ゆめマート 飯塚,〒820-0040 福岡県飯塚市吉原町６−１ ゆめマート飯塚店内,33.6417013,130.6863434,飲食店
セブンイレブン飯塚伊岐須店,伊岐須,digital,セブン-イレブン 飯塚伊岐須店,〒820-0053 福岡県飯塚市伊岐須７２２−１,33.6521677,130.6606307,コンビニ
ワイン食堂GLUGLU,柏の森,digital,ワイン食堂 GLUGLU,〒820-0011 福岡県飯塚市柏の森５００−２,33.6391168,130.6988128,飲食店
内藤園ハローデイ九工大前店,川津,digital,内藤園 支店ハローデイ九工大前,〒820-0067 福岡県飯塚市川津６８０−５,33.6509185,130.672482,飲食店
炭火居酒屋喜楽,目尾,digital,炭火居酒屋 喜楽,〒820-0062 福岡県飯塚市目尾４０２−９,33.6715813,130.698398,飲食店
ふらってぃーのドッグカフェ,中,digital,ふらってぃールーム,〒820-0065 福岡県飯塚市中３５３,33.6659423,130.6859521,宿泊施設
はとや ルナ店,本町,digital,株式会社はとや ルナ店,〒820-0042 福岡県飯塚市本町１０−１８,33.6384683,130.6849227,衣料品店
龍王塾,吉原町,digital,龍王塾,〒820-0040 福岡県飯塚市吉原町２−１８ 中野ビル,33.6410123,130.6854804,学校・教育
兵六玉,伊岐須,digital,居酒屋 兵六玉,〒820-0053 福岡県飯塚市伊岐須１４８−１３,33.65236300000001,130.6659656,飲食店
ケンタッキーフライドチキン飯塚かやの森店,柏の森,digital,ケンタッキーフライドチキン飯塚かやの森店,〒820-0011 福岡県飯塚市柏の森56−１,33.6435072,130.7039937,飲食店
ハローデイ九工大前店,川津,digital,ハローデイ 九工大前店,〒820-0067 福岡県飯塚市川津６８０−５,33.650856,130.6724498,飲食店
セブンイレブン飯塚庄司店,庄司,digital,セブン-イレブン 飯塚庄司店,〒820-0051 福岡県飯塚市庄司３５７−１,33.6769439,130.6714062,コンビニ
フロム,中,digital,居酒屋 FROM（フロム）,〒820-0065 福岡県飯塚市中３３６−２,33.6666059,130.6833873,飲食店
ひよ子本舗吉野堂 飯塚本店,本町,digital,ひよ子本舗吉野堂 飯塚本店,〒820-0042 福岡県飯塚市本町１５−１,33.6393749,130.6846148,飲食店
Ｒｕｄｉｅｓ ｃａｆｅ（ルーディーズ カフェ）,吉原町,digital,Rudies cafe (ルーディーズカフェ),〒820-0040 福岡県飯塚市吉原町７−５,33.6411409,130.6869021,カフェ
フジキアドワークス(株）,伊岐須,digital,フジキアドワークス（株）（旧フジキ印刷）,〒820-0053 福岡県飯塚市伊岐須４９０−１５,33.6467271,130.6577977,その他
コーヒーミルククレイジー,柏の森,digital,コーヒーミルククレイジー,〒820-0011 福岡県飯塚市柏の森６０５−１３,33.6410866,130.6965402,カフェ
くすりのハッピー川津店,川津,digital,くすりのハッピー 川津店,〒820-0067 福岡県飯塚市川津２６６−２,33.6499649,130.6784046,ドラッグストア
アンジョルノカフェ,新飯塚,digital,UN GIORNO CAFE,〒820-0005 福岡県飯塚市新飯塚７−３３,33.6434671,130.6935389,カフェ
丸島園,中,digital,丸島園,〒820-0065 福岡県飯塚市中１０９３−１,33.6718337,130.6775354,飲食店
ビューティ アイランド,本町,digital,カツウラ化粧品ビューティアイランド,〒820-0042 福岡県飯塚市本町１−１２,33.6403722,130.6856612,店舗
炉ばた髙,吉原町,digital,炉ばた 高 (たか),〒820-0040 福岡県飯塚市吉原町４−３ 丸光ビル 1階,33.6422467,130.6852629,飲食店
フジノ酒店,伊岐須,digital,フジノ酒店,〒820-0053 福岡県飯塚市伊岐須１４８−１１,33.6523314,130.6660354,店舗
ドラッグストアコスモス柏の森店,柏の森,digital,ドラッグストアコスモス 柏の森店,〒820-0011 福岡県飯塚市柏の森６０７−３,33.6402889,130.6967437,ドラッグストア
ハッピー薬局川津店,川津,digital,ハッピー薬局 川津店,〒820-0067 福岡県飯塚市川津２６６−２,33.6499834,130.6785617,ドラッグストア
井上洋服店,新飯塚,digital,井上洋服店,〒820-0005 福岡県飯塚市新飯塚６−１６,33.643742,130.692848,衣料品店
酒肴むげん,中,digital,酒肴 むげん,〒820-0065 福岡県飯塚市中４８４−２,33.6652881,130.684498,飲食店
タビーガレージ,本町,digital,キャンピングカーレンタル/YADOCARRY販売店 タビーガレージ,〒820-0042 福岡県飯塚市本町２−１９ 2階 【車両展示場は近くにあります】,33.6398857,130.6862101,car_rental
ふたせ饅頭本舗,伊岐須,digital,ふたせ饅頭本舗,〒820-0053 福岡県飯塚市伊岐須２９５−１３,33.6521252,130.6660298,飲食店
ドラッグストアコスモス近大前店,柏の森,digital,ドラッグストアコスモス 近大前店,〒820-0011 福岡県飯塚市柏の森１−４０,33.646176,130.711736,ドラッグストア
(株)バイタルリソース応用研究所,川津,digital,（株）バイタルリソース応用研究所,〒820-0067 福岡県飯塚市川津６８０−４１,33.6510286,130.6710338,その他
揚げ処えびるす,新飯塚,digital,揚げ処 えびるす,〒820-0005 福岡県飯塚市新飯塚１０−５,33.64336249999999,130.6926906,飲食店
モスバーガー飯塚幸袋店,中,digital,モスバーガー飯塚幸袋店,〒820-0065 福岡県飯塚市中４２６−１,33.6644571,130.6862889,カフェ
ブルーミン,本町,digital,ブルーミン,〒820-0042 福岡県飯塚市本町１６−１０,33.6395387,130.6846376,衣料品店
AOKI飯塚店,秋松,digital,AOKI 飯塚店,〒820-0083 福岡県飯塚市秋松８９５−１,33.6193143,130.6702425,衣料品店
レインボーファクトリー飯塚店,伊岐須,digital,レインボーファクトリー飯塚店,〒820-0053 福岡県飯塚市伊岐須６４２−１,33.6518727,130.6578066,宝飾店
サーティワンアイスクリーム飯塚かやの森店,柏の森,digital,サーティワンアイスクリーム 飯塚かやの森店,〒820-0011 福岡県飯塚市柏の森56ｰ1,33.6435341,130.7036883,ベーカリー
本格インド料理ルパ飯塚店,川津,digital,本場インド料理 ルパ 飯塚店,〒820-0067 福岡県飯塚市川津２０２−１,33.6522548,130.679306,飲食店
久里屋,新飯塚,digital,久里屋,〒820-0005 福岡県飯塚市新飯塚１９−３０,33.6442742,130.6911679,飲食店
もつ家,中,digital,高級ホルモン料理 もつ家,〒820-0065 福岡県飯塚市中３５０−８,33.6658623,130.6841278,飲食店
アートギャラリー紅椿,本町,digital,紅椿,〒820-0042 福岡県飯塚市本町１６−８,33.6397558,130.6844515,生活雑貨
大川家具アウトレットオックス,秋松,digital,大川良質アウトレット家具 OX (オックス）,〒820-0083 福岡県飯塚市秋松８７５−１０,33.6184326,130.6711462,家具店
スーパーASO 潤野店,潤野,digital,スーパーASO 潤野店,〒820-0021 福岡県飯塚市潤野５２,33.6309319,130.661119,飲食店
サウンドダイニング音色,柏の森,digital,サウンドダイニング 音色,〒820-0011 福岡県飯塚市柏の森５００−２ ダイマルコーポ柏の森 A号,33.6391831,130.6987641,バー
セブンイレブン飯塚幸袋店,幸袋,digital,セブン-イレブン 飯塚幸袋店,〒820-0066 福岡県飯塚市幸袋２１８−７,33.6603044,130.6838243,コンビニ
五龍酒店,新飯塚,digital,五龍酒店,〒820-0005 福岡県飯塚市新飯塚１１−３,33.6439904,130.6923309,店舗
あかね工房,鯰田,digital,肉のなかむら(あかね工房）,〒820-0001 福岡県飯塚市鯰田７６−１,33.6560633,130.7139877,飲食店
丸山生花店,本町,digital,丸山生花店,〒820-0042 福岡県飯塚市本町１６−３１,33.6402157,130.6839907,花屋
ケーズデンキ飯塚店,秋松,digital,ケーズデンキ 飯塚店,〒820-0083 福岡県飯塚市秋松68番地,33.6248213,130.6784201,電器店
きど葬祭やまさ飯塚斎場,潤野,digital,（有）きど葬祭 やまさ飯塚斎場,〒820-0021 福岡県飯塚市潤野８６０−１,33.6328118,130.6620609,葬儀場
エステサロン シャルール,柏の森,digital,Chaleur（シャルール）,〒820-0011 福岡県飯塚市柏の森４７３−６,33.6378002,130.6999916,美容室
千鳥屋本家 幸袋店,幸袋,digital,千鳥屋本家 幸袋店,〒820-0066 福岡県飯塚市幸袋８２７−１２,33.6621677,130.6841794,飲食店
居酒屋佐助,新飯塚,digital,居酒屋 佐助 ※喫煙可,〒820-0005 福岡県飯塚市新飯塚４−１２,33.645046,130.6925297,飲食店
リラクゼーションサロン 足癒夢,鯰田,digital,リラクゼーション 来夢,〒820-0066 福岡県飯塚市幸袋４７２−３ 恵ビル 1F,33.6580096,130.6844168,その他
味覚焼,本町,digital,飯塚名物 味覚焼の 味覚庵,〒820-0042 福岡県飯塚市本町８−７,33.6396489,130.6859887,飲食店
ケンタッキーフライドチキン飯塚秋松店,秋松,digital,ケンタッキーフライドチキン飯塚秋松店,〒820-0083 福岡県飯塚市秋松８６４−１,33.617748,130.6710089,飲食店
牛角飯塚店,潤野,digital,牛角 飯塚店,〒820-0088 福岡県飯塚市弁分159ｰ8,33.6230329,130.6670696,飲食店
かやのもり音楽Cafｅ Ｓｉｎｏｓ,柏の森,digital,かやのもり音楽Cafe Sinos シーノス,〒820-0011 福岡県飯塚市柏の森92−３５０,33.6426632,130.7091143,カフェ
TRIAL GO飯塚幸袋店,幸袋,digital,TRIAL GO 飯塚幸袋店,〒820-0066 福岡県飯塚市幸袋４６４−１,33.6573443,130.684061,飲食店
佐藤コンタクトレンズセンター,新飯塚,digital,佐藤眼科医院,〒820-0005 福岡県飯塚市新飯塚６−２１,33.6438204,130.6929881,医療機関
ほとめき市場 一太郎,鯰田,digital,ほとめき市場 一太郎,〒820-0001 福岡県飯塚市鯰田１６４６−６,33.6619877,130.7036875,飲食店
わた惣,本町,digital,わた惣,〒820-0042 福岡県飯塚市本町１６−１０,33.6396212,130.684531,飲食店
炭焼酒処幸炭,秋松,digital,炭焼酒処 幸炭(こうたん),〒820-0083 福岡県飯塚市秋松８７０−１,33.6184085,130.6720231,飲食店
くすりのハッピー 潤野店,潤野,digital,くすりのハッピー 潤野店,〒820-0021 福岡県飯塚市潤野８８５−３３,33.6350076,130.665431,ドラッグストア
志ののめ,柏の森,digital,志ののめ - YAMADORA -,〒820-0011 福岡県飯塚市柏の森５２０−２０,33.6404244,130.6981142,飲食店
ミュージアムショップ白蓮,幸袋,digital,ショップ白蓮,〒820-0066 福岡県飯塚市幸袋３００,33.6614272,130.6860656,店舗
おでん炭火焼眞次郎,新飯塚,digital,炭火焼・おでん 眞次郎,〒820-0005 福岡県飯塚市新飯塚１４−２,33.6439151,130.6918366,飲食店
鰻一太郎,鯰田,digital,うなぎ専門店 鰻一太郎,〒820-0001 福岡県飯塚市鯰田１６４６−７,33.6622627,130.7029826,飲食店
アーユルヴェーダサロンエルフローラ,宮町,digital,アロマ・アーユルヴェーダサロン エルフローラ,〒820-0069 福岡県飯塚市宮町２−８ ２F,33.6403987,130.6837823,美容室
サンドラッグ穂波店,秋松,digital,サンドラッグ 穂波店,〒820-0083 福岡県飯塚市秋松９１６−１,33.6203222,130.670726,ドラッグストア
茶寮このみ,潤野,digital,日本料理 茶寮このみ,〒820-0021 福岡県飯塚市潤野１３２７−１,33.6402849,130.6593679,飲食店
シャトレーゼ柏の森店,柏の森,digital,シャトレーゼ 柏の森店,〒820-0011 福岡県飯塚市柏の森８−５,33.6452052,130.7104171,ベーカリー
雑貨牧場GAYU,菰田東,digital,雑貨牧場GAYU（がゆ）,〒820-0016 福岡県飯塚市菰田東２丁目２２−１３,33.63048500000001,130.6938279,店舗
シャンソン化粧品ＣＥサロン ’elua,新飯塚,digital,シャンソン化粧品ＣＥサロン'elua(エルア),〒820-0005 福岡県飯塚市新飯塚１７−１３,33.6433451,130.6908943,美容室
回転寿司 一太郎,鯰田,digital,回転寿司 一太郎,〒820-0001 福岡県飯塚市鯰田１５２６−１７９,33.6621019,130.7047836,飲食店
あさひ補聴器,宮町,digital,あさひ補聴器飯塚店,〒820-0069 福岡県飯塚市宮町１４−６,33.6429428,130.6848808,健康・医療
ジャンボパンチ希林,秋松,digital,ジャンボパンチ希林,〒820-0083 福岡県飯塚市秋松９４７,33.6222222,130.6722222,その他
茶楽館この葉,潤野,digital,㈱内藤園 茶楽館 この葉,〒820-0021 福岡県飯塚市潤野８８５−６８,33.6346897,130.6651114,カフェ
セブンイレブン飯塚柏の森店,柏の森,digital,セブン-イレブン 飯塚柏の森店,〒820-0011 福岡県飯塚市柏の森５３１−１,33.641351,130.6984932,コンビニ
アエナゆめタウン飯塚店,菰田西,digital,ゆめタウン飯塚,〒820-0017 福岡県飯塚市菰田西３丁目６−１,33.6320873,130.6850743,shopping_mall
ジンギスバル滝川本店,新飯塚,digital,ジンギスバル 滝川本店 黒千代香,〒820-0005 福岡県飯塚市新飯塚１４−６,33.6438486,130.6915073,飲食店
うりゅう鍼灸院,鯰田,digital,うりゅう鍼灸院,〒820-0001 福岡県飯塚市鯰田５６４−６,33.6681807,130.7061103,健康・医療
朝倉屋酒店,宮町,digital,朝倉屋酒店,〒820-0069 福岡県飯塚市宮町１−３,33.6406108,130.6847592,店舗
ハローデイ穂波店,秋松,digital,ハローデイ 穂波店,〒820-0083 福岡県飯塚市秋松９１９ ハローデイ穂波店,33.6204709,130.6712654,飲食店
食事処 桜道場,潤野,digital,食事処 桜道場,〒820-0021 福岡県飯塚市潤野８−７５,33.6337926,130.6672893,飲食店
居酒屋専科大樹,柏の森,digital,居酒屋専科大樹,〒820-0011 福岡県飯塚市柏の森５３９−２,33.6416632,130.6976078,飲食店
靴の赤靴堂,菰田西,digital,赤靴堂,〒820-0017 福岡県飯塚市菰田西１丁目９−２１,33.628384,130.688262,靴店
DartsBar333,新飯塚,digital,Darts Bar 333,〒820-0005 福岡県飯塚市新飯塚１３−２,33.6448251,130.6919031,バー
大庭電器,鯰田,digital,Panasonic shop 大庭電器,〒820-0001 福岡県飯塚市鯰田２３１６−１０,33.6616586,130.6982859,生活雑貨
ジュエリーシモカワ,宮町,digital,ジュエリー・シモカワ,〒820-0069 福岡県飯塚市宮町２−１３,33.6403775,130.6832621,宝飾店
ビップエコー飯塚店,秋松,digital,ビップエコー 飯塚店,〒820-0083 福岡県飯塚市秋松９６２−３,33.6236499,130.6716989,その他
ブランジェリーシュシュ,潤野,digital,シュシュ,〒820-0021 福岡県飯塚市潤野９９４−３,33.6331258,130.6617012,ベーカリー
小さなゆめ,柏の森,digital,小さなゆめ,〒820-0011 福岡県飯塚市柏の森９５３−２,33.6417044,130.6966588,衣料品店
スーパーＡＳＯ昭和通店,菰田西,digital,スーパー麻生 昭和通店,〒820-0017 福岡県飯塚市菰田西２丁目３−３−３４,33.6297403,130.68691,飲食店
ＴＥＴＥ,新飯塚,digital,石窯Grill&Wine Dining TETE（てて）,〒820-0005 福岡県飯塚市新飯塚１５−１０,33.6432729,130.6920591,飲食店
スーパー川食鯰田店,鯰田,digital,スーパー川食 食彩館 鯰田店,〒820-0001 福岡県飯塚市鯰田１９５９,33.666816,130.7014871,飲食店
旬彩ダイニング 樹限無,宮町,digital,旬彩ダイニングじゅげむ,〒820-0069 福岡県飯塚市宮町１３−３０,33.6427324,130.6846646,飲食店
tete秋松店,秋松,digital,石窯Grill&Wine Dining TETE（てて）,〒820-0005 福岡県飯塚市新飯塚１５−１０,33.6432729,130.6920591,飲食店
めし屋ーHAKUー,潤野,digital,めし屋 ~HAKU~,〒820-0021 福岡県飯塚市潤野９９６,33.6335962,130.661605,飲食店
鉄板焼 梛座,柏の森,digital,鉄板焼 梛座 ーnagizaー,〒820-0011 福岡県飯塚市柏の森９２−３２,33.64335380000001,130.7085129,飲食店
いいづかもけい,菰田西,digital,いいづかもけい,〒820-0017 福岡県飯塚市菰田西３丁目１８−１３,33.6368058,130.6899294,店舗
東洋ドライ 新飯塚店,新飯塚,digital,（株）東洋ドライ（クリーニング）新飯塚店,〒820-0005 福岡県飯塚市新飯塚１０−５,33.6434059,130.6926206,クリーニング
くまがい釣具,鯰田,digital,くまがい釣具,〒820-0001 福岡県飯塚市鯰田４６１−９,33.6637714,130.7075826,店舗
きものたかた,宮町,digital,たかた呉服店,〒820-0069 福岡県飯塚市宮町２−７,33.6405,130.683809,衣料品店
セゾンドぶらんこ,秋松,digital,ぶらんこ,〒820-0083 福岡県飯塚市秋松７４８−１,33.6203917,130.6734422,衣料品店
本場インド料理ルパ穂波店,秋松,digital,本場インド料理 ルパ 穂波店,〒820-0083 福岡県飯塚市秋松９１９ ハローデイ穂波店店内,33.6202636,130.6709745,飲食店
宝靖自動車,椿,digital,（有）宝靖自動車,〒820-0084 福岡県飯塚市椿１４５−８,33.6163533,130.6661565,店舗
太田自動車鈑金㈱,阿恵,digital,太田自動車鈑金㈱,〒820-0704 福岡県飯塚市阿恵１２４−３,33.565553,130.6493118,自動車修理
プロショップマナベ飯塚店,秋松,digital,（株）マナベ 飯塚店,〒820-0083 福岡県飯塚市秋松９０９,33.6197919,130.6698118,店舗
ＭＥＧＡドン・キホーテ飯塚店,椿,digital,MEGAドン・キホーテ 飯塚店,〒820-0084 福岡県飯塚市椿１１０−１,33.6199187,130.6679101,飲食店
なか六新鮮屋,阿恵,digital,なか六新鮮屋,〒820-0704 福岡県飯塚市阿恵３６０,33.5672949,130.6460898,飲食店
ドラッグストアモリ飯塚秋松店,秋松,digital,ドラッグストアモリ飯塚秋松店,〒820-0083 福岡県飯塚市秋松１５−５,33.6189077,130.6802125,ドラッグストア
モスバーガー福岡穂波店,椿,digital,モスバーガー福岡穂波店,〒820-0084 福岡県飯塚市椿１９２−１,33.618823,130.663428,カフェ
よしの米穀合同会社,北古賀,digital,よしの米穀,〒820-0703 福岡県飯塚市北古賀224‐1,33.5829835,130.6563556,飲食店
ヤマダデンキ テックランド飯塚店,秋松,digital,ヤマダデンキ テックランド飯塚店,〒820-0083 福岡県飯塚市秋松８３７,33.617406,130.671574,電器店
安部写真館,天道,digital,安部写真館,〒820-0075 福岡県飯塚市天道３８,33.606586,130.677384,電器店
アイアイだいぶ,大分,digital,アイアイだいぶ,〒820-0712 福岡県飯塚市大分１５１０−２０,33.589817,130.6289019,飲食店
ユニクロ飯塚店,秋松,digital,ユニクロ 飯塚店,〒820-0083 福岡県飯塚市秋松８６６−１,33.6181075,130.6719155,衣料品店
久保勝治商店,天道,digital,,,,,その他
うぐいす台電器,大分,digital,うぐいす台電器,〒820-0712 福岡県飯塚市大分１３２４−１２,33.5876623,130.6298358,生活雑貨
ガスのアイプロ,枝国,digital,（株）アイプロ 本社,〒820-0081 福岡県飯塚市枝国５０７,33.6346155,130.672856,その他
篠崎商会,天道,digital,篠崎商会,〒820-0075 福岡県飯塚市天道３６３,33.60322,130.676092,生活雑貨
日本習字筑穂教室,筑穂元吉,digital,明円寺習字教室,〒820-0712 福岡県飯塚市大分１２３６,33.5825216,130.6294891,その他
イオン穂波ショッピングセンター,枝国,digital,イオン穂波ショッピングセンター,〒820-0081 福岡県飯塚市枝国長浦６６６−４８,33.6370555,130.6737438,shopping_mall
天道ホルモン,天道,digital,天道ホルモン,〒820-0075 福岡県飯塚市天道42−１,33.6069398,130.6777881,飲食店
セブンイレブン筑穂中学校前店,長尾,digital,セブン-イレブン 筑穂中学校前店,〒820-0701 福岡県飯塚市長尾８９９−１,33.5743471,130.6437565,コンビニ
ウエスト飯塚店うどんコーナー,枝国,digital,うどんウエスト 飯塚店,〒820-0081 福岡県飯塚市枝国２１６−４,33.6304684,130.674025,飲食店
Ａゴルフセンター,平恒,digital,Ａゴルフセンター,〒820-0073 福岡県飯塚市平恒１−１３,33.610827,130.6994093,その他
スーパー川食筑穂店,平塚,digital,スーパー川食 食彩館 筑穂店,〒820-0702 福岡県飯塚市平塚２９５−２,33.5768286,130.6610547,飲食店
ウエスト飯塚店焼肉コーナー,枝国,digital,焼肉ウエスト 飯塚店,〒820-0081 福岡県飯塚市枝国２１６−５,33.6307542,130.67438,飲食店
洋服の青山飯塚穂波店,弁分,digital,洋服の青山 飯塚穂波店,〒820-0088 福岡県飯塚市弁分15番地52,33.6216439,130.6696069,衣料品店
ドラッグストアコスモス筑穂店,平塚,digital,ドラッグストアコスモス 筑穂店,〒820-0702 福岡県飯塚市平塚２９４−１,33.5765057,130.6609948,ドラッグストア
鮨 魚鮮,枝国,digital,鮨 魚鮮,〒820-0081 福岡県飯塚市枝国５２６,33.63468,130.6697981,飲食店
エディオン飯塚店,弁分,digital,エディオン 飯塚店,〒820-0088 福岡県飯塚市弁分１６−１,33.6231474,130.6690108,生活雑貨
ヘアーサロン モロオカ,平塚,digital,ヘアーサロンモロオカ,〒820-0702 福岡県飯塚市平塚２５８−７,33.57672160000001,130.6623409,美容室
オンデーズ イオン穂波店,枝国,digital,OWNDAYS イオン穂波店,〒820-0081 福岡県飯塚市枝国 長浦 666 ４８ イオン穂波ショッピングセンター 2F,33.6372266,130.67353,健康・医療
シュープラザ飯塚店,弁分,digital,シュープラザ 飯塚店,〒820-0088 福岡県飯塚市弁分 門ノ町15-7,33.6222929,130.6695771,靴店
Ｙｕｍｍｙ Ｃａｋｅｓ,平塚,digital,ヤミィケーキ,〒820-0702 福岡県飯塚市平塚３９６−１,33.5745353,130.6587857,ベーカリー
温野菜 飯塚店,枝国,digital,しゃぶしゃぶ温野菜 飯塚店,〒820-0081 福岡県飯塚市枝国６８０−２,33.6358679,130.6760385,飲食店
フラワーショップはなびより,弁分,digital,はなびより,〒820-0088 福岡県飯塚市弁分４０５−４,33.6202715,130.6601706,花屋
あかね荘,山口,digital,あかね荘,〒820-0711 福岡県飯塚市山口６１１−２,33.557662,130.620462,飲食店
キャスティング飯塚店,枝国,digital,釣具のキャスティング 飯塚店,〒820-0081 福岡県飯塚市枝国２１６−４,33.6304008,130.6744535,衣料品店
ヒマラヤ飯塚店,弁分,digital,ヒマラヤスポーツ&ゴルフ 飯塚店,〒820-0088 福岡県飯塚市弁分２−１,33.6210649,130.6694978,衣料品店
庄内地区,,digital,庄内川,福岡県 庄内川,33.6463416,130.7255152,自然
美・サロン きはら,枝国,digital,美サロンきはら,〒820-0081 福岡県飯塚市枝国５０１−１０,33.6347361,130.6735404,店舗
ピッツァリト,弁分,digital,ピッツァリト,〒820-0088 福岡県飯塚市弁分１２８−５,33.6211707,130.6637036,飲食店
Modernist Cuisine Restaurant Hidaka,赤坂,digital,Modernist Cuisine Restaurant Hidaka (フレンチ&イタリアン レストランヒダカ),〒820-0106 福岡県飯塚市赤坂７３６−１０,33.61534510000001,130.7400679,飲食店
レンタルフォトスタジオグレープ,枝国,digital,着物レンタル写真館·グレープ,〒820-0081 福岡県飯塚市枝国５１３−９,33.6343889,130.6712876,衣料品店
みんなでごはん 穂のさろん,弁分,digital,takeout only（定食屋さんはやめました今はお惣菜屋さんです）みんなでごはん 穂のさろん,〒820-0088 福岡県飯塚市弁分３４０−１,33.6214295,130.6630567,飲食店
エースタクシー,有井,digital,エースタクシー,〒820-0112 福岡県飯塚市有井２１２−１,33.6525802,130.7234049,その他
サーティワンアイスクリームイオン穂波店,枝国,digital,サーティワンアイスクリーム イオン穂波店,〒820-0081 福岡県飯塚市枝国長浦666ｰ48,33.637324,130.673429,ベーカリー
ラバース,弁分,digital,ラ・バース,〒820-0088 福岡県飯塚市弁分１９４,33.6235714,130.666449,衣料品店
三晶自動車,有井,digital,（有）三晶自動車,〒820-0112 福岡県飯塚市有井２７５−１,33.647699,130.722137,自動車修理
佐藤眼鏡店(メガネのサトー),枝国,digital,佐藤眼鏡店 イオン穂波店,〒820-0081 福岡県飯塚市枝国長浦666番４８ イオン穂波ショッピングセンタ 1F,33.6370709,130.6738584,健康・医療
(有)エッカ,堀池,digital,有限会社エッカ,〒820-0070 福岡県飯塚市堀池１５４−９,33.6291371,130.6823201,建設・工事
フェイシャルサロン Sakura,有井,digital,Ｓａｋｕｒａ,〒820-0112 福岡県飯塚市有井３３４−２１,33.646991,130.7213249,その他
セブンイレブン飯塚枝国店,枝国,digital,セブン-イレブン 飯塚枝国店,〒820-0081 福岡県飯塚市枝国５００−４,33.6345751,130.6735293,コンビニ
Ａープライス飯塚店,堀池,digital,A-プライス 飯塚店,〒820-0070 福岡県飯塚市堀池２４３−１,33.6255422,130.6826226,飲食店
大豆の花,有井,digital,大豆の花,〒820-0112 福岡県飯塚市有井３２０−１９,33.646369,130.722464,飲食店
焼鳥千成,枝国,digital,焼鳥千成,〒820-0081 福岡県飯塚市枝国４２９,33.6331197,130.6701524,飲食店
パッケージプラザエジマヤ,堀池,digital,パッケージプラザ エジマヤ,〒820-0070 福岡県飯塚市堀池１３４−６,33.62839,130.682821,飲食店
ピザハット飯塚近大前店,有井,digital,ピザハット 飯塚近大前店,〒820-0112 福岡県飯塚市有井３５４−２９,33.6458004,130.7167481,飲食店
tantan イオン穂波店,枝国,digital,tan tan イオン穂波SC店,〒820-0081 福岡県飯塚市枝国６６６−４８,33.6370709,130.6738584,衣料品店
オアシス珈琲,堀池,digital,オアシス珈琲 本店,〒820-0070 福岡県飯塚市堀池１３３−９,33.6279847,130.6842278,カフェ
BLACK STEELO,有井,digital,ブラックスティーロ,〒820-0112 福岡県飯塚市有井３５４−２１,33.6457722,130.7174435,衣料品店
charmmie,枝国,digital,チャーミー（ｃｈａｒｍｍｉｅ）,〒820-0081 福岡県飯塚市枝国５１８−１,33.6343453,130.6708849,ペット
オートバックス飯塚,堀池,digital,オートバックス 飯塚,〒820-0070 福岡県飯塚市堀池２４９−１,33.6248371,130.6824834,自動車修理
タイ式マッサージむう庵,有井,digital,タイ式マッサージむう庵,〒820-0112 福岡県飯塚市有井３３４−２１,33.6465785,130.7212476,ジム
内藤園イオン穂波店,枝国,digital,内藤園 イオン穂波店,〒820-0081 福岡県飯塚市枝国６６６−４８,33.637319,130.673421,飲食店
Cafe CuLuRe(カフェ クルール),堀池,digital,カフェ クルール,〒820-0070 福岡県飯塚市堀池１７９−２,33.6298871,130.6816399,カフェ
スーパー川食庄内店,有安,digital,スーパー川食 食彩館 庄内店,〒820-0111 福岡県飯塚市有安４２９−１−４２９−１,33.6441925,130.7271961,飲食店
ひよ子本舗吉野堂 イオン穂波店,枝国,digital,ひよ子本舗吉野堂 イオン穂波店,〒820-0081 福岡県飯塚市枝国６６６−４８,33.6370291,130.6731681,飲食店
CuLuRe(クルール),堀池,digital,クルール,〒820-0070 福岡県飯塚市堀池１７４−４,33.6298793,130.6816461,飲食店
金沢石油(株) セルフ飯塚東店,有安,digital,apollostation セルフ飯塚東SS（金沢石油）,〒820-0111 福岡県飯塚市有安６４６,33.6485926,130.7292262,自動車修理
エトウ時計店 イオン穂波店,枝国,digital,ビジュ エトウ イオン穂波店,〒820-0081 福岡県飯塚市枝国６６６−４８ １F イオン穂波ショッピングセンター,33.637319,130.673421,宝飾店
ケイターズ（AUTO GARAGE KEITA'S）,堀池,digital,株式会社ケイターズ,〒820-0070 福岡県飯塚市堀池１８６−５,33.6291371,130.6817229,その他
グッデイ庄内店,有安,digital,ホームセンターグッデイ 庄内店,〒820-0111 福岡県飯塚市有安４４０−１,33.6445157,130.7281236,衣料品店
Flower&Green POPLAR,枝国,digital,flower&green POPLAR / ポプラ,〒820-0081 福岡県飯塚市枝国４６４−３１,33.6369165,130.6728344,花屋
なんばん往来本店,堀池,digital,なんばん往来 Sweets-Bistro,〒820-0070 福岡県飯塚市堀池１２８−１,33.6273044,130.6836876,ベーカリー
Ｓｗｅｅｔ’ｓ ｏｆ ｈａｉｒ,有安,digital,Sweet's of hair,〒820-0111 福岡県飯塚市有安１０３９−１,33.64601870000001,130.7241118,美容室
マリリン イオン穂波店,枝国,digital,マリリン,日本、〒820-0081 福岡県飯塚市枝国,33.6370709,130.6738584,衣料品店
文具のたまおき本店,堀池,digital,文具のたまおき 本店,〒820-0070 福岡県飯塚市堀池１７９−２,33.6298522,130.681777,店舗
スーパーセンタートライアル飯塚庄内店,有安,digital,スーパーセンタートライアル飯塚庄内店,〒820-0111 福岡県飯塚市有安719番地2,33.6500591,130.7255561,店舗
モリタゴルフ桜ヶ丘店,枝国,digital,モリタゴルフ桜ヶ丘店,〒820-0081 福岡県飯塚市枝国６６６,33.6390658,130.6739745,店舗
ダイレックス飯塚店,堀池,digital,ダイレックス 飯塚店,〒820-0070 福岡県飯塚市堀池８７−１,33.623896,130.683568,飲食店
くすりのハッピー庄内店,有安,digital,くすりのハッピー 庄内店,〒820-0111 福岡県飯塚市有安６９１,33.64824979999999,130.7274427,ドラッグストア
くすりのヤスタケ穂波店,枝国,digital,イオン穂波店１Ｆくすりのヤスタケ,〒820-0081 福岡県飯塚市枝国６６６−４８,33.6370709,130.6738584,ドラッグストア
清水理容室 チャボ,堀池,digital,清水理容室 チャボ,〒820-0070 福岡県飯塚市堀池５７−５,33.6278076,130.68567,美容室
ハッピー薬局庄内店,有安,digital,ハッピー薬局 庄内店,〒820-0111 福岡県飯塚市有安６９１,33.6482551,130.727493,ドラッグストア
ゼッテリアイオン穂波店,枝国,digital,ゼッテリア イオン穂波FS店,〒820-0081 福岡県飯塚市枝国長浦６６６−４８,33.637167,130.6736461,飲食店
めがねのツカハラ,堀池,digital,（有）めがねのツカハラ,〒820-0070 福岡県飯塚市堀池１５５−３ 中村ビル,33.629279,130.6831294,健康・医療
アラミアルーアン,綱分,digital,Aramiah Ruang,〒820-0101 福岡県飯塚市綱分１３７８−１８,33.6282715,130.7255043,美容室
寿し徳,小正,digital,寿し徳,〒820-0089 福岡県飯塚市小正８−１,33.6255772,130.6691038,飲食店
デラシネ(deracine),堀池,digital,デラシネ（ｄｅｒａｃｉｎｅ）,〒820-0070 福岡県飯塚市堀池１７０−１ メイゾンイサヤマ 103,33.6298225,130.683004,衣料品店
庄四季物,綱分,digital,庄四季物,〒820-0101 福岡県飯塚市綱分７７０−１,33.638301,130.7286724,その他
お好み焼きむらた,小正,digital,お好み焼 むらた,〒820-0089 福岡県飯塚市小正１,33.6294977,130.6613237,飲食店
ドラッグストアコスモス堀池店,堀池,digital,ドラッグストアコスモス 堀池店,〒820-0070 福岡県飯塚市堀池１０５−１,33.6263841,130.6837344,ドラッグストア
セブンイレブン飯塚庄内店,綱分,digital,セブン-イレブン 飯塚庄内店,〒820-0101 福岡県飯塚市綱分１５６６−３,33.6314542,130.7262104,コンビニ
とり久,小正,digital,仕出しとり久,〒820-0089 福岡県飯塚市小正５５４−１,33.6261073,130.657342,飲食店
はないちもんめ,堀池,digital,はないちもんめ,〒820-0070 福岡県飯塚市堀池１５５−８,33.629234,130.682682,飲食店
お茶とお食事処森山,綱分,digital,お茶とお食事処 森山,〒820-0101 福岡県飯塚市綱分１８０６−２,33.6343016,130.7260427,飲食店
ふくおか安心安全ショップ,小正,digital,ふくおか安心安全ショップ,〒820-0089 福岡県飯塚市小正６０−１,33.6243158,130.6595305,店舗
食房KOSAI,南尾,digital,食房 KOSAI,〒820-0072 福岡県飯塚市南尾２８７,33.616126,130.6844313,飲食店
いいづかスポーツ・リゾート ザ・リトリート,仁保,digital,いいづかスポーツ・リゾート ザ・リトリート,"8-37 Niho, 仁保 Iizuka, Fukuoka 820-0115",33.6571465,130.7427784,宿泊施設
楳木石油,高田,digital,楳木石油 高田 SS,〒820-0079 福岡県飯塚市高田６４４−１,33.6031928,130.6384406,ガソリンスタンド
３びきのこぶた,南尾,digital,３びきのこぶた,〒820-0072 福岡県飯塚市南尾４００−６,33.6170185,130.6808972,飲食店
くらや,仁保,digital,くらや,〒820-0115 福岡県飯塚市仁保８,33.6535303,130.7379775,飲食店
癒心房,忠隈,digital,美味肉処 癒心房 ボタニカ,〒820-0071 福岡県飯塚市忠隈７１−４,33.6240504,130.6888121,飲食店
ピザハット飯塚楽市店,南尾,digital,ピザハット 飯塚楽市店,〒820-0072 福岡県飯塚市南尾４０１−８,33.6174078,130.6814517,飲食店
ホットドッグ吉河,仁保,digital,ホットドッグ吉河,〒820-0115 福岡県飯塚市仁保２０−２,33.6523864,130.7365349,飲食店
江藤石油(株),忠隈,digital,江藤石油 飯塚 SS,〒820-0071 福岡県飯塚市忠隈１０５−１,33.6257295,130.6870148,ガソリンスタンド
居酒屋 文月,南尾,digital,居酒屋 文月（ふづき）,〒820-0072 福岡県飯塚市南尾４００−２,33.6171847,130.6808936,飲食店
はちみつショップ natural selection acatuki,山倉,digital,,,,,その他
御菓子司亀屋延永,忠隈,digital,御菓子司 亀屋延永（かめやのぶなが）,〒820-0071 福岡県飯塚市忠隈７７−３４,33.6238941,130.6897562,飲食店
Basis health&beauty,椋本,digital,Basis,〒820-0077 福岡県飯塚市椋本６０１−３４,33.6035911,130.6621723,美容室
驫(さんま),忠隈,digital,料理倶楽部 驫(さんま),〒820-0071 福岡県飯塚市忠隈４３８−３,33.62143200000001,130.682816,飲食店
ボーカル教室ユニゾン,安恒,digital,ボーカル教室ユニゾン,〒820-0085 福岡県飯塚市安恒６０７,33.6113305,130.6530093,その他
ヱビス味噌,口原,digital,ヱビス味噌 蛭子屋合名会社,〒820-1114 福岡県飯塚市口原７４６,33.68429560000001,130.7109097,飲食店
パティスリーＳＯＮＯＫＩ,忠隈,digital,Patisserie SONOKI（パティスリー・ソノキ）,〒820-0071 福岡県飯塚市忠隈４０４−４,33.6203987,130.683211,ベーカリー
TAX飯塚,楽市,digital,ＴＡＸ飯塚店/(有)タイセイ自動車,〒820-0074 福岡県飯塚市楽市５９７−５,33.61141,130.673481,店舗
金芳醤油醸造元,口原,digital,金芳醬油釀造元,〒820-1114 福岡県飯塚市口原７６５−７,33.6840694,130.7111562,飲食店
ドコモショップ穂波店,忠隈,digital,ドコモショップ穂波店,〒820-0071 福岡県飯塚市忠隈４５２−１,33.623071,130.683489,店舗
タイヤ館飯塚,楽市,digital,タイヤ館 飯塚,〒820-0074 福岡県飯塚市楽市６７９−１,33.6139466,130.6722601,自動車修理
フローリストリスト 花仙,口原,digital,フローリスト花仙,〒820-1114 福岡県飯塚市口原９２４−１ アンリシール 101,33.6848104,130.7176364,花屋
コメリパワー飯塚店,太郎丸,digital,コメリパワー飯塚店,〒820-0076 福岡県飯塚市太郎丸１１７１ 番2,33.6136379,130.6703542,飲食店
ひよ子本舗吉野堂 飯塚工場売店,楽市,digital,ひよ子本舗吉野堂 穂波工場売店,〒820-0074 福岡県飯塚市楽市538ｰ1 穂波工場 1F,33.611036,130.67424,飲食店
居酒屋 純,口原,digital,居酒屋 純（じゅん）,〒820-1114 福岡県飯塚市口原３１０ ３１０番地,33.6832899,130.7189012,飲食店
ドラッグストアコスモス穂波店,太郎丸,digital,ドラッグストアコスモス 穂波店,〒820-0076 福岡県飯塚市太郎丸９３３,33.61144,130.6712106,ドラッグストア
ビッグワン,楽市,digital,ビッグワン,〒820-0074 福岡県飯塚市楽市６５４,33.6129314,130.6739812,生活雑貨
TRIDRUG GO目尾店,口原,digital,TRIDRUG GO目尾店,〒820-1114 福岡県飯塚市口原591番地6,33.6817674,130.7112473,ドラッグストア
ステーキハウス 三田屋,太郎丸,digital,廣岡揮八郎のステーキハウス 三田屋（さんだや） 福岡飯塚店,〒820-0076 福岡県飯塚市太郎丸７５７−１３,33.6076096,130.6716319,飲食店
ENEOSサンフラワー楽市SS（山口石油）,楽市,digital,ENEOS サンフラワー楽市 SS (山口石油),〒820-0074 福岡県飯塚市楽市２３１−１,33.6146687,130.6804914,ガソリンスタンド
ドラッグ頴田薬局,口原,digital,ドラック頴田薬局,〒820-1114 福岡県飯塚市口原９２４−１ アンリシール,33.6847643,130.7173455,健康・医療
筑豊葬祭セレモニーヴィラ穂波斎場,太郎丸,digital,筑豊葬祭 セレモニーヴィラ穂波（穂波ファミリー斎場）,〒820-0076 福岡県飯塚市太郎丸１１５１−１,33.612262,130.6694557,葬儀場
イエローハット飯塚店,若菜,digital,イエローハット 飯塚店,〒820-0082 福岡県飯塚市若菜２６３−２３,33.6279931,130.6708041,自動車修理
マツグマ石油ガス,口原,digital,（株）松隈石油店,〒820-1114 福岡県飯塚市口原３２６−１３,33.6848469,130.7207197,その他
ニトリ飯塚店,太郎丸,digital,ニトリ 飯塚店,〒820-0076 福岡県飯塚市太郎丸１２８７−１,33.6152419,130.6700797,電器店
universal工房HRS,若菜,digital,Ｕｎｉｖｅｒｓａｌ工房 ＨＲＳ,〒820-0082 福岡県飯塚市若菜２４９－１,33.630468,130.67246,自動車修理
増岡化粧品店,口原,digital,増岡化粧品店,〒820-1114 福岡県飯塚市口原３３７−１,33.6847901,130.7203128,美容室
あったかパソコン教室飯塚校,椿,digital,あったかパソコン教室飯塚校,〒820-0084 福岡県飯塚市椿１２３−７,33.6187019,130.6661887,その他
炭火焼鳥えい吉,若菜,digital,炭火焼鳥 えい吉,〒820-0082 福岡県飯塚市若菜２５９−１１,33.6293727,130.6715517,飲食店
たまごん工房,佐與,digital,たまごん工房 直売所,〒820-1113 福岡県飯塚市佐與１７０９−２,33.66871770000001,130.718728,飲食店
ドラッグストアモリ 穂波店,椿,digital,ドラッグストアモリ 穂波店,〒820-0084 福岡県飯塚市椿１１９−２,33.6193376,130.6662067,ドラッグストア
シモカワ通信,若菜,digital,（株）シモカワ通信,〒820-0082 福岡県飯塚市若菜２５６−１０５,33.6299796,130.6714803,その他
ホームプラザナフコ頴田店,佐與,digital,ホームプラザナフコ 頴田店,〒820-1113 福岡県飯塚市佐與２３６２,33.6670074,130.7170611,生活雑貨
ホームプラザナフコ飯塚南店,椿,digital,ホームプラザナフコ 飯塚南店,〒820-0084 福岡県飯塚市椿８９−９,33.6187067,130.6681305,生活雑貨
炭火焼肉天神,若菜,digital,焼肉・肉料理 天神,〒820-0082 福岡県飯塚市若菜２１０−７,33.6296395,130.6724437,飲食店
しらゆり会館小竹・頴田会場,勢田,digital,しらゆり会館 小竹・頴田会場,〒820-1111 福岡県飯塚市勢田１０８９−１,33.6810915,130.7237893,葬儀場
パソコンドック２４飯塚店,椿,digital,パソコンドック24 飯塚店,〒820-0084 福岡県飯塚市椿１２３−７,33.618752,130.6661314,その他
炒めラーメンYAMA,伊岐須,paper,炒めラーメンYama,〒820-0053 福岡県飯塚市伊岐須６３８−４,33.6517839,130.6571965,飲食店
串かつ 壱番串,柏の森,paper,串かつ 壱番串,〒820-0011 福岡県飯塚市柏の森５０３−１,33.6388378,130.6993561,飲食店
オレンジタクシー(株),川津,paper,オレンジタクシー株式会社,〒820-0067 福岡県飯塚市川津３６７−２,33.647712,130.6771477,その他
太陽キッチン・フーズ,菰田西,paper,太陽キッチンフーズ,〒820-0017 福岡県飯塚市菰田西３丁目８−３４,33.632381,130.68779,飲食店
ＴＥＴＥ,新飯塚,paper,石窯Grill&Wine Dining TETE（てて）,〒820-0005 福岡県飯塚市新飯塚１５−１０,33.6432729,130.6920591,飲食店
酒肴むげん,中,paper,酒肴 むげん,〒820-0065 福岡県飯塚市中４８４−２,33.6652881,130.684498,飲食店
あげ家,相田,paper,あげ家,〒820-0052 福岡県飯塚市相田１０９,33.6562903,130.6611233,飲食店
ドラッグストアコスモス伊岐須店,伊岐須,paper,ドラッグストアコスモス 伊岐須店,〒820-0053 福岡県飯塚市伊岐須１３０−２,33.652093,130.6665254,ドラッグストア
陸蒸氣,柏の森,paper,居酒屋 陸蒸気,〒820-0011 福岡県飯塚市柏の森５０３−２,33.6387397,130.6989622,飲食店
焼肉レストラン牛仙,川津,paper,焼肉レストラン 牛仙,〒820-0067 福岡県飯塚市川津７７−２ キュート舞の浦 1F,33.6560576,130.6816713,飲食店
だがし家 ちゃりんこ,菰田西,paper,だがし家ちゃりんこ ゆめタウン飯塚店,〒820-0070 福岡県飯塚市堀池２９−１,33.6303126,130.685077,飲食店
東洋ドライ 新飯塚店,新飯塚,paper,（株）東洋ドライ（クリーニング）新飯塚店,〒820-0005 福岡県飯塚市新飯塚１０−５,33.6434059,130.6926206,クリーニング
モスバーガー飯塚幸袋店,中,paper,モスバーガー飯塚幸袋店,〒820-0065 福岡県飯塚市中４２６−１,33.6644571,130.6862889,カフェ
車力,相田,paper,居酒屋 車力（しゃりき）,〒820-0052 福岡県飯塚市相田１１２,33.6563758,130.6623771,飲食店
セブンイレブン飯塚伊岐須店,伊岐須,paper,セブン-イレブン 飯塚伊岐須店,〒820-0053 福岡県飯塚市伊岐須７２２−１,33.6521677,130.6606307,コンビニ
おの庄,柏の森,paper,おの庄,〒820-0011 福岡県飯塚市柏の森１０３８−２,33.6424941,130.6983472,飲食店
グリーンベルトタクシー,川津,paper,グリーンベルトタクシー無線センター,〒820-0067 福岡県飯塚市川津２７６−２,33.6513875,130.6794516,その他
筑豊葬祭飯塚本社斎場,菰田西,paper,筑豊葬祭 飯塚本社斎場,〒820-0017 福岡県飯塚市菰田西３丁目１７−８,33.6360891,130.6898772,葬儀場
ＢＡＲＢＥ,新飯塚,paper,BARBE【バルブ】,〒820-0005 福岡県飯塚市新飯塚６−６ 花宅ビル 1階4号室,33.6434919,130.6930596,飲食店
もつ家,中,paper,高級ホルモン料理 もつ家,〒820-0065 福岡県飯塚市中３５０−８,33.6658623,130.6841278,飲食店
でんきのパワフル相田店,相田,paper,Panasonic shop でんきのパワフル相田店,〒820-0052 福岡県飯塚市相田３−３８,33.6595232,130.6682982,生活雑貨
カットハウスゼロ,伊岐須,paper,ゼロ美容室,〒820-0053 福岡県飯塚市伊岐須１５７,33.6517292,130.666878,美容室
炭火焼肉嘉苑,柏の森,paper,炭火焼肉嘉苑,〒820-0011 福岡県飯塚市柏の森４−１,33.6449439,130.7081285,飲食店
げんき屋,川津,paper,焼鳥 げんき屋,〒820-0067 福岡県飯塚市川津２８３−１,33.6511351,130.6785974,飲食店
筑豊葬祭セレモニーヴィラ飯塚,菰田西,paper,筑豊葬祭 セレモニー ヴィラ 飯塚,〒820-0017 福岡県飯塚市菰田西３丁目１７−４,33.6358352,130.6896951,葬儀場
深見時計店,新飯塚,paper,深見時計・宝石・メガネ店,〒820-0005 福岡県飯塚市新飯塚１７−１０,33.6432806,130.6912797,店舗
ラフィネ サステナブルヘアー,中,paper,ラフィネサステナブルヘアー,〒820-0065 福岡県飯塚市中４１９−１,33.6648661,130.686838,美容室
串亭なかむら,相田,paper,なかむら串亭,〒820-0052 福岡県飯塚市相田１２０,33.6577248,130.6615091,飲食店
兵六玉,伊岐須,paper,居酒屋 兵六玉,〒820-0053 福岡県飯塚市伊岐須１４８−１３,33.65236300000001,130.6659656,飲食店
かやの森カフェ,柏の森,paper,かやの森cafe,〒820-0011 福岡県飯塚市柏の森１−２８,33.6454552,130.7097265,カフェ
焼肉スタミナ・元,川津,paper,スタミナ焼肉 元,〒820-0067 福岡県飯塚市川津３８２,33.6489757,130.6757443,飲食店
TeaWayゆめタウン飯塚店,菰田西,paper,TeaWay ティーウェイ ゆめタウン飯塚店,〒820-0040 福岡県飯塚市菰田西３丁目６−１ ゆめタウン飯塚 1階,33.6322249,130.685502,飲食店
ホワイトニングショップ飯塚店,新飯塚,paper,ホワイトニング専門店 ホワイトニングショップ飯塚店,〒820-0005 福岡県飯塚市新飯塚４−１７ プレアール新飯塚 402号,33.645241,130.6924997,美容室
あかね工房,鯰田,paper,肉のなかむら(あかね工房）,〒820-0001 福岡県飯塚市鯰田７６−１,33.6560633,130.7139877,飲食店
㈱ハクエイ,相田,paper,（株）ハクエイ,〒820-0052 福岡県飯塚市相田５２−１,33.6590514,130.6649233,その他
フジキアドワークス(株）,伊岐須,paper,フジキアドワークス（株）（旧フジキ印刷）,〒820-0053 福岡県飯塚市伊岐須４９０−１５,33.6467271,130.6577977,その他
炭火焼鳥かなまる,柏の森,paper,炭火焼き鳥 かなまる,〒820-0011 福岡県飯塚市柏の森５０３−１,33.6388785,130.6992749,飲食店
aruk cafe,川津,paper,aruk cafe（アルクカフェ),〒820-0067 福岡県飯塚市川津２７１−２,33.6505855,130.6790493,カフェ
てんぐ風呂住設,菰田西,paper,飯塚てんぐ風呂住設,〒820-0017 福岡県飯塚市菰田西３丁目３−２,33.631404,130.687765,建設・工事
パーソナルトレーニングスタジオ ボディブレイス,新飯塚,paper,パーソナルトレーニングスタジオ ボディブレイス,〒820-0005 福岡県飯塚市新飯塚２０−７,33.6444895,130.6905693,ジム
リラクゼーションサロン 足癒夢,鯰田,paper,リラクゼーション 来夢,〒820-0066 福岡県飯塚市幸袋４７２−３ 恵ビル 1F,33.6580096,130.6844168,その他
湊屋（みなとや）,相田,paper,酒のみなとや,〒820-0052 福岡県飯塚市相田２７３−１６,33.6576116,130.6582563,店舗
フジノ酒店,伊岐須,paper,フジノ酒店,〒820-0053 福岡県飯塚市伊岐須１４８−１１,33.6523314,130.6660354,店舗
きっずえんじぇる飯塚店,柏の森,paper,きっずえんじぇる 飯塚店,〒820-0011 福岡県飯塚市柏の森５４２−１１,33.6420612,130.6981549,衣料品店
小林硝子店,川津,paper,（株）小林硝子店,〒820-0067 福岡県飯塚市川津３５７−５,33.6468372,130.6756212,店舗
居酒屋てん・てん・てん,菰田西,paper,居酒屋てん・てん・てん,〒820-0017 福岡県飯塚市菰田西３丁目７−４５,33.6322467,130.6863377,飲食店
ラーメンMAPPE,新飯塚,paper,ラーメンMAPPE（マッペ）,〒820-0005 福岡県飯塚市新飯塚６−１７,33.643939,130.6927475,飲食店
ほとめき市場 一太郎,鯰田,paper,ほとめき市場 一太郎,〒820-0001 福岡県飯塚市鯰田１６４６−６,33.6619877,130.7036875,飲食店
居酒屋 ん,相田,paper,居酒屋 ん,〒820-0052 福岡県飯塚市相田１１３−１６,33.6571768,130.662213,飲食店
ふたせ饅頭本舗,伊岐須,paper,ふたせ饅頭本舗,〒820-0053 福岡県飯塚市伊岐須２９５−１３,33.6521252,130.6660298,飲食店
GYOGYOSUKE second,柏の森,paper,ぎょぎょすけ 柏の森店 夢魚夢串~ドリームフード~,〒820-0011 福岡県飯塚市柏の森５３２−３,33.64105680000001,130.6985922,飲食店
サンドラッグ九工大前店,川津,paper,サンドラッグ 九工大前店,〒820-0067 福岡県飯塚市川津６８０−５,33.6515262,130.6728321,ドラッグストア
トップワンカフェ,菰田西,paper,TOP ONE CAFE（トップワンカフェ）,〒820-0017 福岡県飯塚市菰田西３丁目１４−２７,33.6329333,130.6847572,カフェ
旬楽みささ,新飯塚,paper,旬楽みささ,〒820-0005 福岡県飯塚市新飯塚６−６ 花宅ビル 106,33.643463,130.693047,飲食店
鰻一太郎,鯰田,paper,うなぎ専門店 鰻一太郎,〒820-0001 福岡県飯塚市鯰田１６４６−７,33.6622627,130.7029826,飲食店
喜酒楽膳あぐら,飯塚,paper,喜酒楽膳 あぐら,〒820-0041 福岡県飯塚市飯塚１１−９ 心ビル 1F,33.6364891,130.6859175,飲食店
吉岡スタジオ,伊岐須,paper,吉岡スタジオ,〒820-0053 福岡県飯塚市伊岐須２１７−６,33.6480104,130.6656081,その他
ワイン食堂GLUGLU,柏の森,paper,ワイン食堂 GLUGLU,〒820-0011 福岡県飯塚市柏の森５００−２,33.6391168,130.6988128,飲食店
酒の昌屋,川津,paper,酒の昌屋,〒820-0067 福岡県飯塚市川津４１９−１,33.646618,130.67461,店舗
ニトリデコホーム ゆめタウン飯塚店,菰田西,paper,ゆめタウン飯塚,〒820-0017 福岡県飯塚市菰田西３丁目６−１,33.6320873,130.6850743,shopping_mall
ご馳走家むつごろう,新飯塚,paper,ご馳走家 むつごろう,〒820-0005 福岡県飯塚市新飯塚１５−５,33.6433238,130.6922552,飲食店
回転寿司 一太郎,鯰田,paper,回転寿司 一太郎,〒820-0001 福岡県飯塚市鯰田１５２６−１７９,33.6621019,130.7047836,飲食店
壱角屋,飯塚,paper,本格炭火焼やきとり 壱角屋 飯塚本店,〒820-0041 福岡県飯塚市飯塚１１−１１−４,33.6365603,130.6863454,飲食店
レインボーファクトリー飯塚店,伊岐須,paper,レインボーファクトリー飯塚店,〒820-0053 福岡県飯塚市伊岐須６４２−１,33.6518727,130.6578066,宝飾店
ケンタッキーフライドチキン飯塚かやの森店,柏の森,paper,ケンタッキーフライドチキン飯塚かやの森店,〒820-0011 福岡県飯塚市柏の森56−１,33.6435072,130.7039937,飲食店
パティスリースペリオール,川津,paper,Patisserie SUPERIOR (パティスリースペリオール),〒820-0067 福岡県飯塚市川津１９４−２,33.6531725,130.679943,ベーカリー
能古うどん製造所 ゆめタウン飯塚店,菰田西,paper,能古うどん ゆめタウン飯塚店,〒820-0017 福岡県飯塚市菰田西３丁目６−１,33.6296474,130.6851176,飲食店
時計宝石眼鏡ムカイダ,新飯塚,paper,メガネのムカイダ,〒820-0005 福岡県飯塚市新飯塚６−３,33.643836,130.693197,健康・医療
うりゅう鍼灸院,鯰田,paper,うりゅう鍼灸院,〒820-0001 福岡県飯塚市鯰田５６４−６,33.6681807,130.7061103,健康・医療
WHISKY AJOTSSI,飯塚,paper,WHISKY AJOTSSI,〒820-0041 福岡県飯塚市飯塚１２−１８,33.6368782,130.6850516,店舗
スーパーASO 潤野店,潤野,paper,スーパーASO 潤野店,〒820-0021 福岡県飯塚市潤野５２,33.6309319,130.661119,飲食店
カレーハウスCoCo壱番屋飯塚柏の森店,柏の森,paper,カレーハウス CoCo壱番屋 飯塚柏の森店,〒820-0011 福岡県飯塚市柏の森１５３番地３,33.6429596,130.7038666,飲食店
セブンイレブン飯塚川津店,川津,paper,セブン-イレブン 飯塚川津店,〒820-0067 福岡県飯塚市川津３５９−２,33.6473579,130.6760038,コンビニ
パリミキ ゆめタウン飯塚店,菰田西,paper,パリミキ ゆめタウン飯塚店,〒820-0017 福岡県飯塚市菰田西３丁目６−１ ゆめタウン飯塚 ２階,33.6326269,130.6852821,健康・医療
炭火串焼弥一,新飯塚,paper,炭火串焼 弥一,〒820-0005 福岡県飯塚市新飯塚１５−４,33.6434194,130.6922611,飲食店
大庭電器,鯰田,paper,Panasonic shop 大庭電器,〒820-0001 福岡県飯塚市鯰田２３１６−１０,33.6616586,130.6982859,生活雑貨
魚茂鮮魚店,飯塚,paper,飯塚 魚茂鮮魚店,〒820-0041 福岡県飯塚市飯塚１８−２,33.6370096,130.684746,飲食店
きど葬祭やまさ飯塚斎場,潤野,paper,（有）きど葬祭 やまさ飯塚斎場,〒820-0021 福岡県飯塚市潤野８６０−１,33.6328118,130.6620609,葬儀場
コーヒーミルククレイジー,柏の森,paper,コーヒーミルククレイジー,〒820-0011 福岡県飯塚市柏の森６０５−１３,33.6410866,130.6965402,カフェ
焼肉ソウル,川津,paper,焼肉 ソウル（飯塚）,〒820-0067 福岡県飯塚市川津１５１−１,33.653509,130.6803373,飲食店
ひよ子本舗吉野堂 ゆめタウン飯塚店,菰田西,paper,ひよ子 ゆめタウン飯塚店,〒820-0017 福岡県飯塚市菰田西３丁目６−１,33.6325403,130.6852944,飲食店
炭火居酒屋やっぽい,新飯塚,paper,炭火居酒屋 やっぽい,〒820-0005 福岡県飯塚市新飯塚１４−２,33.6439346,130.6918841,飲食店
スーパー川食鯰田店,鯰田,paper,スーパー川食 食彩館 鯰田店,〒820-0001 福岡県飯塚市鯰田１９５９,33.666816,130.7014871,飲食店
魚佐,飯塚,paper,魚佐,〒820-0041 福岡県飯塚市飯塚１０−２６,33.63635550000001,130.6862098,飲食店
牛角飯塚店,潤野,paper,牛角 飯塚店,〒820-0088 福岡県飯塚市弁分159ｰ8,33.6230329,130.6670696,飲食店
ドラッグストアコスモス柏の森店,柏の森,paper,ドラッグストアコスモス 柏の森店,〒820-0011 福岡県飯塚市柏の森６０７−３,33.6402889,130.6967437,ドラッグストア
和食レストランニューいいづか・大助うどん,川津,paper,大助うどん 川津店,〒820-0067 福岡県飯塚市川津３５７−３ ニューいいづか 1F,33.646901,130.6758446,飲食店
マックハウスゆめタウン飯塚店,菰田西,paper,マックハウス ゆめタウン飯塚店,〒820-0017 福岡県飯塚市菰田西３丁目６−１ ゆめタウン飯塚 2F,33.6303356,130.6853387,衣料品店
手づくりケーキラ・パレット,新飯塚,paper,パティスリー ラ・パレット,〒820-0005 福岡県飯塚市新飯塚６−１ 花宅ビル,33.6434746,130.6932343,ベーカリー
くまがい釣具,鯰田,paper,くまがい釣具,〒820-0001 福岡県飯塚市鯰田４６１−９,33.6637714,130.7075826,店舗
インテリアクラヤ,飯塚,paper,（株）クラヤ インテリア,〒820-0041 福岡県飯塚市飯塚１２−１２−９,33.6370942,130.6861141,生活雑貨
くすりのハッピー 潤野店,潤野,paper,くすりのハッピー 潤野店,〒820-0021 福岡県飯塚市潤野８８５−３３,33.6350076,130.665431,ドラッグストア
ドラッグストアコスモス近大前店,柏の森,paper,ドラッグストアコスモス 近大前店,〒820-0011 福岡県飯塚市柏の森１−４０,33.646176,130.711736,ドラッグストア
東洋ドライ 川津店,川津,paper,（株）東洋ドライ（クリーニング）川津店,〒820-0067 福岡県飯塚市川津１４９−１,33.6533918,130.6806087,クリーニング
マルイチ商会,菰田西,paper,マルイチ商会,〒820-0017 福岡県飯塚市菰田西３丁目４−１,33.6314038,130.6866424,その他
赤崎牛ダイニング リヤン,新飯塚,paper,"赤崎牛直営店“le lien""Charcoal Restaurant",〒820-0005 福岡県飯塚市新飯塚７−２２,33.642606,130.693343,飲食店
しらゆり会館飯塚・鯰田会場,鯰田,paper,しらゆり会館 飯塚・鯰田会場,〒820-0001 福岡県飯塚市鯰田２３２４−１,33.6607124,130.698298,葬儀場
倉掛米穀店,飯塚,paper,倉掛米穀店,〒820-0041 福岡県飯塚市飯塚１２−２０,33.63686,130.6849358,飲食店
茶寮このみ,潤野,paper,日本料理 茶寮このみ,〒820-0021 福岡県飯塚市潤野１３２７−１,33.6402849,130.6593679,飲食店
サーティワンアイスクリーム飯塚かやの森店,柏の森,paper,サーティワンアイスクリーム 飯塚かやの森店,〒820-0011 福岡県飯塚市柏の森56ｰ1,33.6435341,130.7036883,ベーカリー
東洋ドライ ハローデイ店,川津,paper,（株）東洋ドライ（クリーニング）ハローデイ店,〒820-0067 福岡県飯塚市川津６８０−５,33.651337,130.6727512,クリーニング
まるまんフィオーレ,菰田西,paper,まるまんフィオーレゆめタウン飯塚店,〒822-0017 福岡県飯塚市菰田西３丁目６−１ ゆめタウン飯塚 1階,33.6326269,130.6852821,店舗
のがみプレジデントホテル 中国料理のがみ大飯店,新立岩,paper,中国料理 のがみ大飯店,〒820-0004 福岡県飯塚市新立岩１２−３７,33.64584019999999,130.690451,飲食店
セブンイレブン飯塚鯰田上町店,鯰田,paper,セブンイレブン 飯塚鯰田上町店,〒820-0001 福岡県飯塚市鯰田１９５６−３,33.6668973,130.7001277,コンビニ
餃子とサワー 月光,飯塚,paper,餃子とサワー月光,〒820-0041 福岡県飯塚市飯塚３−３,33.6385362,130.6872746,飲食店
茶楽館この葉,潤野,paper,㈱内藤園 茶楽館 この葉,〒820-0021 福岡県飯塚市潤野８８５−６８,33.6346897,130.6651114,カフェ
サウンドダイニング音色,柏の森,paper,サウンドダイニング 音色,〒820-0011 福岡県飯塚市柏の森５００−２ ダイマルコーポ柏の森 A号,33.6391831,130.6987641,バー
チキン屋とりまる,川津,paper,チキン屋 とり○（とりまる）,〒820-0067 福岡県飯塚市川津357_3,33.6468617,130.6759937,飲食店
宮脇書店 ゆめタウン飯塚店,菰田西,paper,宮脇書店 ゆめタウン飯塚店,〒820-0017 福岡県飯塚市菰田西３丁目６−１ ゆめタウン飯塚 2階,33.6326269,130.6852821,書店
のがみプレジデントホテル 和食処 日本海,新立岩,paper,和食処 日本海,〒820-0004 福岡県飯塚市新立岩１２−３７,33.6456501,130.6901427,飲食店
システムハウジングタイセイ,鯰田,paper,（有）システムハウジングタイセイ,〒820-0001 福岡県飯塚市鯰田１７１６−１,33.6664192,130.7021469,電気工事
肉の神戸屋,飯塚,paper,肉の神戸屋,〒820-0042 福岡県飯塚市本町１２−２０ 東町商店街内,33.6369194,130.6849213,飲食店
食事処 桜道場,潤野,paper,食事処 桜道場,〒820-0021 福岡県飯塚市潤野８−７５,33.6337926,130.6672893,飲食店
エステサロン シャルール,柏の森,paper,Chaleur（シャルール）,〒820-0011 福岡県飯塚市柏の森４７３−６,33.6378002,130.6999916,美容室
手打うどん・レンストランなごし,川津,paper,手打うどん&レストラン NAGOSHI（なごし）,〒820-0067 福岡県飯塚市川津２６−１,33.6563801,130.6828485,飲食店
山下建材工業(株),菰田西,paper,山下建材工業（株）,〒820-0017 福岡県飯塚市菰田西３丁目１１−１６,33.6341784,130.6891355,その他
のがみプレジデントホテル,新立岩,paper,のがみプレジデントホテル,〒820-0004 福岡県飯塚市新立岩１２−３７,33.6456476,130.6901457,宿泊施設
ダイヤゴルフセンター,鯰田,paper,ダイヤゴルフセンター,〒820-0001 福岡県飯塚市鯰田５８６−１,33.6688443,130.7090371,その他
酒香彩菜さわらび,飯塚,paper,酒香彩菜さわらび,〒820-0041 福岡県飯塚市飯塚４−１２ せいきんビル 1階,33.6371575,130.6867584,飲食店
ブランジェリーシュシュ,潤野,paper,シュシュ,〒820-0021 福岡県飯塚市潤野９９４−３,33.6331258,130.6617012,ベーカリー
かやのもり音楽Cafｅ Ｓｉｎｏｓ,柏の森,paper,かやのもり音楽Cafe Sinos シーノス,〒820-0011 福岡県飯塚市柏の森92−３５０,33.6426632,130.7091143,カフェ
内藤園ハローデイ九工大前店,川津,paper,内藤園 支店ハローデイ九工大前,〒820-0067 福岡県飯塚市川津６８０−５,33.6509185,130.672482,飲食店
八女茶の西村園茶舗 ゆめタウン飯塚店,菰田西,paper,西村園茶舗,〒820-0017 福岡県飯塚市菰田西３丁目６−１,33.6325403,130.6852944,飲食店
古谷金物店,新立岩,paper,（株）古谷金物店,〒820-0004 福岡県飯塚市新立岩１３−８,33.6450558,130.6892881,店舗
肉のなかむら,鯰田,paper,肉のなかむら(あかね工房）,〒820-0001 福岡県飯塚市鯰田７６−１,33.6560633,130.7139877,飲食店
食料品の進藤,飯塚,paper,進藤食料品店,〒820-0042 福岡県飯塚市本町１２−１６,33.6373966,130.6852412,飲食店
萬亀,潤野,paper,萬亀,〒820-0021 福岡県飯塚市潤野９７１−８０,33.6362582,130.6631457,飲食店
志ののめ,柏の森,paper,志ののめ - YAMADORA -,〒820-0011 福岡県飯塚市柏の森５２０−２０,33.6404244,130.6981142,飲食店
くすりのハッピー川津店,川津,paper,くすりのハッピー 川津店,〒820-0067 福岡県飯塚市川津２６６−２,33.6499649,130.6784046,ドラッグストア
ゆめタウン飯塚,菰田西,paper,ゆめタウン飯塚,〒820-0017 福岡県飯塚市菰田西３丁目６−１,33.6320873,130.6850743,shopping_mall
アルソア Ｄｏ,立岩,paper,アルソア Do(ドゥ),〒820-0003 福岡県飯塚市立岩１５０６−１２,33.6484969,130.6911146,店舗
ATAGOふれあいマーケット,鯰田,paper,ATAGOふれあいマーケット,〒820-0001 福岡県飯塚市鯰田２５２５,33.6526674,130.7022013,飲食店
鮨安,飯塚,paper,鮨安（すしやす）,〒820-0041 福岡県飯塚市飯塚４−５,33.637253,130.687601,飲食店
めし屋ーHAKUー,潤野,paper,めし屋 ~HAKU~,〒820-0021 福岡県飯塚市潤野９９６,33.6335962,130.661605,飲食店
シャトレーゼ柏の森店,柏の森,paper,シャトレーゼ 柏の森店,〒820-0011 福岡県飯塚市柏の森８−５,33.6452052,130.7104171,ベーカリー
ハーデンベルギア,川津,paper,ハーデンベルギア,〒820-0067 福岡県飯塚市川津３９５−１,33.6495359,130.6771407,飲食店
メガネのヨネザワ ゆめタウン飯塚店,菰田西,paper,メガネのヨネザワ ゆめタウン飯塚店,〒820-0017 福岡県飯塚市菰田西３丁目６−１,33.6326269,130.6852821,健康・医療
飯塚ツバメプロパン㈱,立岩,paper,飯塚ツバメプロパン(株),〒820-0003 福岡県飯塚市立岩１１２６,33.6459205,130.6975506,その他
ヨガ、エステサロンs.f &c野上愛子,鯰田,paper,Yoga salon. エステsalon,〒820-0001 福岡県飯塚市鯰田２４２３−４,33.6554092,130.6980521,美容室
サロンドボーテ スミレ,飯塚,paper,サロンドボーテスミレ,〒820-0041 福岡県飯塚市飯塚１９−１８,33.6371766,130.6832653,美容室
メリーズラム,潤野,paper,メリーズラム,〒820-0021 福岡県飯塚市潤野１３１３−１,33.64023460000001,130.6578263,生活雑貨
セブンイレブン飯塚柏の森店,柏の森,paper,セブン-イレブン 飯塚柏の森店,〒820-0011 福岡県飯塚市柏の森５３１−１,33.641351,130.6984932,コンビニ
華さん食堂飯塚店,川津,paper,華さん食堂 飯塚店,〒820-0067 福岡県飯塚市川津４２８−１,33.6478552,130.6738773,飲食店
Life Clip(ライフクリップ),菰田西,paper,Life Clip（ライフクリップ）,〒820-0017 福岡県飯塚市菰田西３丁目６−１ ゆめタウン飯塚 ２F,33.631195,130.6855917,店舗
焼肉王城飯塚店,立岩,paper,焼肉王城飯塚店,〒820-0003 福岡県飯塚市立岩１１２６−８,33.6457882,130.6973007,飲食店
ヘアーサロンムラカミ,鯰田,paper,ムラカミ理容,〒820-0001 福岡県飯塚市鯰田５５２−２,33.668001,130.7080883,美容室
セブンイレブン飯塚明治橋店,飯塚,paper,セブン-イレブン 飯塚明治橋店,〒820-0041 福岡県飯塚市飯塚２０−１７,33.6371495,130.6828773,コンビニ
林檎の木,潤野,paper,林檎の木 りんご飴専門店,〒820-0021 福岡県飯塚市潤野８８５−３０ 竜王ハイツ,33.6348204,130.6667333,飲食店
居酒屋専科大樹,柏の森,paper,居酒屋専科大樹,〒820-0011 福岡県飯塚市柏の森５３９−２,33.6416632,130.6976078,飲食店
ハッピー薬局川津店,川津,paper,ハッピー薬局 川津店,〒820-0067 福岡県飯塚市川津２６６−２,33.6499834,130.6785617,ドラッグストア
渡辺果実店,菰田西,paper,渡辺果実店,〒820-0017 福岡県飯塚市菰田西２丁目２−３１,33.6286938,130.6882939,飲食店
クイックショット,立岩,paper,【出張PCクリニック】クイックショット,〒820-0003 福岡県飯塚市立岩１２４４−１６ 1244番地16,33.6504356,130.6964265,その他
いづみや,西徳前,paper,肉のいづみや,〒820-0031 福岡県飯塚市西徳前９−１６,33.6361092,130.6786918,飲食店
寿し割烹 たけ志,飯塚,paper,寿し割烹たけ志,〒820-0041 福岡県飯塚市飯塚４−１２,33.63712,130.686856,飲食店
メガネのＷＡＤＡ,潤野,paper,（株）メガネのWADA,〒820-0021 福岡県飯塚市潤野３１５−１,33.6301916,130.655872,健康・医療
小さなゆめ,柏の森,paper,小さなゆめ,〒820-0011 福岡県飯塚市柏の森９５３−２,33.6417044,130.6966588,衣料品店
(株)バイタルリソース応用研究所,川津,paper,（株）バイタルリソース応用研究所,〒820-0067 福岡県飯塚市川津６８０−４１,33.6510286,130.6710338,その他
やきとり 幸ちゃん,下三緒,paper,やきとり 幸ちゃん（こうちゃん）,〒820-0012 福岡県飯塚市下三緒３５−３２５,33.6363052,130.7119259,飲食店
Café＆Restaurant Salute（サルーテ）,立岩,paper,cafe & restaurant SALUTE(サルーテ),〒820-0003 福岡県飯塚市立岩１６６８,33.6499867,130.6904614,カフェ
珈琲焙煎工房 まめや福岡ユタカ,西徳前,paper,焙煎工房 まめや福岡 ユタカ,〒820-0031 福岡県飯塚市西徳前４−３７,33.6378808,130.6803088,飲食店
学生服のタナカ,飯塚,paper,学生服のタナカ,〒820-0041 福岡県飯塚市飯塚５−３３,33.6360658,130.6866556,衣料品店
飛鳥会館,片島,paper,飛鳥会館 飯塚斎場,〒820-0068 福岡県飯塚市片島１丁目７−２９,33.6423221,130.6764883,葬儀場
鉄板焼 梛座,柏の森,paper,鉄板焼 梛座 ーnagizaー,〒820-0011 福岡県飯塚市柏の森９２−３２,33.64335380000001,130.7085129,飲食店
福寿し,川津,paper,福寿し,〒820-0067 福岡県飯塚市川津３６０−１,33.6470431,130.6764403,飲食店
コヤンサラム,下三緒,paper,ギョンサンド,〒820-0005 福岡県飯塚市新飯塚２０−２５ TSビル 101,33.6450096,130.6905122,飲食店
寺子屋 ZEN,立岩,paper,寺子屋ZEN,〒820-0003 福岡県飯塚市立岩１３４７−１,33.6478886,130.6942962,その他
庄屋飯塚店,西徳前,paper,和食レストラン 庄屋 飯塚店,〒820-0031 福岡県飯塚市西徳前１４−３３６−２４,33.6373367,130.6759066,飲食店
高取金物店,飯塚,paper,高取金物店,〒820-0041 福岡県飯塚市飯塚１１−２３,33.63675,130.685787,店舗
㈱エコライフ福岡,片島,paper,株式会社ｴｺﾗｲﾌ福岡,〒820-0068 福岡県飯塚市片島３丁目１６−２６,33.6471086,130.6784332,飲食店
Dr Hair Smiley,柏の森,paper,Dr.Hair Smiley,〒820-0011 福岡県飯塚市柏の森４７３−１,33.6379363,130.7002721,美容室
本格インド料理ルパ飯塚店,川津,paper,本場インド料理 ルパ 飯塚店,〒820-0067 福岡県飯塚市川津２０２−１,33.6522548,130.679306,飲食店
セブンイレブン飯塚下三緒店,下三緒,paper,セブン-イレブン 飯塚下三緒店,〒820-0012 福岡県飯塚市下三緒２９６−８,33.634842,130.704977,コンビニ
ツルハドラッグ新飯塚店,立岩,paper,ツルハドラッグ 新飯塚店,〒820-0003 福岡県飯塚市立岩964番32,33.6439725,130.696343,ドラッグストア
グーテンターク,西町,paper,グーテンターク,〒820-0043 福岡県飯塚市西町７−４３,33.6411553,130.6775953,飲食店
田中糸店,飯塚,paper,田中糸店,〒820-0041 福岡県飯塚市飯塚１２−１１,33.637064,130.685804,店舗
玉翠堂,片島,paper,玉翠堂,〒820-0068 福岡県飯塚市片島２丁目１−１５,33.644705,130.684878,その他
サイクルセンターはらぐち,柏の森,paper,サイクルセンター はらぐち,〒820-0011 福岡県飯塚市柏の森１０３８−１１,33.642322,130.698192,店舗
セブンイレブン飯塚幸袋店,幸袋,paper,セブン-イレブン 飯塚幸袋店,〒820-0066 福岡県飯塚市幸袋２１８−７,33.6603044,130.6838243,コンビニ
武田商店,下三緒,paper,武田商店,〒820-0012 福岡県飯塚市下三緒１−３２,33.6337124,130.7157043,店舗
ＢＡＲＢＥＲひかり,立岩,paper,バーバーひかり,〒820-0003 福岡県飯塚市立岩１３１０−４,33.6477578,130.6947923,美容室
ヘアーグラシューラフィネ 西町店,西町,paper,ヘアーグラシューラフィネ西町本店,〒820-0043 福岡県飯塚市西町４−５３,33.640277,130.680632,美容室
だがしのお店だがシステム,飯塚,paper,だがシステム,〒820-0041 福岡県飯塚市飯塚１２−２０,33.6369308,130.6848722,飲食店
パドドゥ・ル・コトブキ,片島,paper,パドドゥ·ル·コトブキ,〒820-0068 福岡県飯塚市片島１丁目７−６２,33.6437833,130.677825,飲食店
PATISSERIE Doux,柏の森,paper,パティスリードゥー,〒820-0011 福岡県飯塚市柏の森４７３−６,33.6378398,130.6999774,ベーカリー
千鳥屋本家 幸袋店,幸袋,paper,千鳥屋本家 幸袋店,〒820-0066 福岡県飯塚市幸袋８２７−１２,33.6621677,130.6841794,飲食店
喫茶りーぶす,下三緒,paper,りーぶす,〒820-0012 福岡県飯塚市下三緒３５−８４６,33.6387652,130.7131995,カフェ
フードウェイ新飯塚店,立岩,paper,フードウェイ 新飯塚店,〒820-0003 福岡県飯塚市立岩964番地32,33.644149,130.6962701,飲食店
居酒屋 たーぶる,西町,paper,居食屋 たーぶる,〒820-0043 福岡県飯塚市西町７−１２,33.6406467,130.6789132,飲食店
濃厚生乳ソフトクリーム専門店だがソフ,飯塚,paper,だがソフ（濃厚生乳ソフトクリーム専門店）,〒820-0041 福岡県飯塚市飯塚１３−２３,33.6366368,130.6851286,飲食店
第一ボウル,片島,paper,飯塚 第一ボウルランドパーク,〒820-0068 福岡県飯塚市片島１丁目１０−１４,33.6455685,130.6785308,ボウリング
うどんそば処百花亭,柏の森,paper,うどんそば処 百花亭,〒820-0011 福岡県飯塚市柏の森５５−１,33.6432204,130.7069132,飲食店
ちろりん村とくるみの木,幸袋,paper,ちろりん村とくるみの木,〒820-0066 福岡県飯塚市幸袋２３９,33.6602039,130.6847164,飲食店
ＲａｙーｇーＣａｓｔ（レイジーキャスト）,下三緒,paper,レイジーキャスト,〒820-0012 福岡県飯塚市下三緒３２４−１,33.6342338,130.7046077,店舗
焼肉のMr.青木,鶴三緒,paper,和牛専門店 焼肉のMr.青木,〒820-0014 福岡県飯塚市鶴三緒一本木１１１７−１,33.6260928,130.7018819,飲食店
ノエビア新飯塚販売会社,西町,paper,ノエビア 新飯塚営業所,〒820-0043 福岡県飯塚市西町４−１３,33.6397116,130.6796983,店舗
天喜,飯塚,paper,天喜,〒820-0041 福岡県飯塚市飯塚１１−８,33.636531,130.68599,飲食店
中央モータース,片島,paper,中央モータース,〒820-0068 福岡県飯塚市片島２丁目３−８,33.6455174,130.6844872,店舗
(株)本河住建,柏の森,paper,本河住建,〒820-0011 福岡県飯塚市柏の森７５−１,33.6417123,130.7048369,建設・工事
TRIAL GO飯塚幸袋店,幸袋,paper,TRIAL GO 飯塚幸袋店,〒820-0066 福岡県飯塚市幸袋４６４−１,33.6573443,130.684061,飲食店
秋元液化ガス,目尾,paper,秋元液化ガス(株),〒820-0062 福岡県飯塚市目尾５１５−８４,33.6804986,130.6949147,その他
M r.青木精肉店,鶴三緒,paper,和牛専門店 焼肉のMr.青木,〒820-0014 福岡県飯塚市鶴三緒一本木１１１７−１,33.6260928,130.7018819,飲食店
花のフクナガ西町本店,西町,paper,花のフクナガ 穂波店,〒820-0083 福岡県飯塚市秋松９１９,33.6203371,130.6712974,花屋
友成時計店,飯塚,paper,友成時計店,〒820-0041 福岡県飯塚市飯塚１０−３,33.63620420000001,130.6864018,店舗
ドコモショップ飯塚店,片島,paper,ドコモショップ飯塚店,〒820-0068 福岡県飯塚市片島３丁目１６−１５,33.6465029,130.6778703,店舗
祭りばやし,柏の森,paper,祭りばやし,〒820-0011 福岡県飯塚市柏の森54−５４１−６,33.6417334,130.6977756,飲食店
ミュージアムショップ白蓮,幸袋,paper,ショップ白蓮,〒820-0066 福岡県飯塚市幸袋３００,33.6614272,130.6860656,店舗
(株)九酸ガス住設飯塚営業所,目尾,paper,(株)九酸ガス住設,〒820-0062 福岡県飯塚市目尾３９８,33.6716912,130.6984982,その他
飯塚瓦工業,鶴三緒,paper,飯塚瓦工業,〒820-0014 福岡県飯塚市鶴三緒１３３５−５,33.6278246,130.6956404,屋根工事
ビアレストラン Ｂーｓｐｏｔ,西町,paper,ビアレストラン・ビースポット,〒820-0043 福岡県飯塚市西町２−５９ サテライトマンション ２０１,33.6400326,130.680848,バー
ともや玩具店,飯塚,paper,ともや玩具店,〒820-0041 福岡県飯塚市飯塚１２−１４,33.6370358,130.6855536,店舗
Ｈｉｙｏｒｉ,片島,paper,Hiyori（パドドゥ・ル・コトブキ新館）,〒820-0068 福岡県飯塚市片島１丁目８−２０,33.6433792,130.676695,その他
ミシンのオズ西日本ミシン販売,柏の森,paper,西日本ミシン販売（株） 本社営業部,〒820-0011 福岡県飯塚市柏の森６０１−５,33.6458266,130.7022504,その他
雑貨牧場GAYU,菰田東,paper,雑貨牧場GAYU（がゆ）,〒820-0016 福岡県飯塚市菰田東２丁目２２−１３,33.63048500000001,130.6938279,店舗
炭火居酒屋喜楽,目尾,paper,炭火居酒屋 喜楽,〒820-0062 福岡県飯塚市目尾４０２−９,33.6715813,130.698398,飲食店
かほ兵衛の台所,鶴三緒,paper,ファーマーズマーケット｢かほ兵衛の台所｣,〒820-0014 福岡県飯塚市鶴三緒１１５１−１,33.6273699,130.701004,その他
山野愛子どろんこ美容＆Relax Plus,西町,paper,山野愛子どろんこ美容飯塚＆Relax Plus,〒820-0043 福岡県飯塚市西町４−５３ アルカビル 1F,33.6403176,130.6805367,美容室
和風ダイニングとし,飯塚,paper,とし,〒820-0041 福岡県飯塚市飯塚５−４０,33.636758,130.686551,飲食店
三星石油,片島,paper,ENEOS 飯塚 SS (三星石油),〒820-0068 福岡県飯塚市片島２丁目４−１１,33.6462054,130.6842048,ガソリンスタンド
無印良品かやの森,柏の森,paper,無印良品 かやの森,〒820-0011 福岡県飯塚市柏の森 大字柏ノ森字大谷８－５ １Ｆ,33.6453664,130.7108917,衣料品店
肉のつちだ,菰田東,paper,肉のつちだ本店,〒820-0016 福岡県飯塚市菰田東１丁目５−１２,33.629548,130.691351,飲食店
パーマハウスＢｅｅ ＳＨＯＷＥＲ,目尾,paper,PermHouseBee SHOWER,〒820-0062 福岡県飯塚市目尾７６２−１,33.674629,130.702596,美容室
焼肉のすから,鶴三緒,paper,すから,〒820-0014 福岡県飯塚市鶴三緒１４７６−５,33.626212,130.698,飲食店
コトツキ、,花瀬,paper,コトツキ、,〒820-0045 福岡県飯塚市花瀬１４８−２,33.6429678,130.6592291,飲食店
中田友文堂,飯塚,paper,中田友文堂,〒820-0041 福岡県飯塚市飯塚１０−５,33.636067,130.686406,その他
室井酒店,片島,paper,室井酒店,〒820-0068 福岡県飯塚市片島２丁目２１−２２,33.647332,130.68332,店舗
ｙｏｕｒ メルシー,柏の森,paper,菓子工房メルシー,〒820-0608 福岡県嘉穂郡桂川町豆田４４１−３,33.585654,130.6681624,ベーカリー
アエナゆめタウン飯塚店,菰田西,paper,ゆめタウン飯塚,〒820-0017 福岡県飯塚市菰田西３丁目６−１,33.6320873,130.6850743,shopping_mall
ラーメン食堂まねしん坊,目尾,paper,ラーメン食堂 我流まねしん坊,〒820-0062 福岡県飯塚市目尾７８６−１,33.6754129,130.7019639,飲食店
セブンイレブン飯塚鶴三緒店,鶴三緒,paper,セブン-イレブン 飯塚鶴三緒店,〒820-0014 福岡県飯塚市鶴三緒１５４８−２,33.6245528,130.6996706,コンビニ
ジャーマンベーカリー飯塚花瀬店,花瀬,paper,ジャーマンベーカリー 花瀬店,〒820-0045 福岡県飯塚市花瀬７１−１,33.6411598,130.6615121,飲食店
ジーンズショップナカムラ,飯塚,paper,ジーンズショップ ナカムラ,〒820-0041 福岡県飯塚市飯塚１２−２２,33.63700490000001,130.6849193,衣料品店
リンガーハット飯塚水江店,片島,paper,リンガーハット 飯塚水江店,〒820-0068 福岡県飯塚市片島２丁目５−２,33.6520253,130.6834433,飲食店
レストラン明治屋,柏の森,paper,レストラン明治屋,〒820-0011 福岡県飯塚市柏の森４３−７,33.6435302,130.7062911,飲食店
靴の赤靴堂,菰田西,paper,赤靴堂,〒820-0017 福岡県飯塚市菰田西１丁目９−２１,33.628384,130.688262,靴店
セブンイレブン飯塚庄司店,庄司,paper,セブン-イレブン 飯塚庄司店,〒820-0051 福岡県飯塚市庄司３５７−１,33.6769439,130.6714062,コンビニ
寿司海鮮和食処 やますい,鶴三緒,paper,寿司海鮮和食処 やますい,〒820-0014 福岡県飯塚市鶴三緒１０９９−３,33.6274483,130.7010966,飲食店
セブンイレブン飯塚花瀬店,花瀬,paper,セブン-イレブン 飯塚花瀬店,〒820-0045 福岡県飯塚市花瀬１７９−１,33.6414294,130.6593309,コンビニ
にくたま工房Loin,飯塚,paper,にくたま工房 Loin（ロイン）,〒820-0017 福岡県飯塚市飯塚４−３,33.6373748,130.68751,飲食店
手造りバーガーショップ レイダック,片島,paper,手造りバーガーショップ RAY DUCK,〒820-0068 福岡県飯塚市片島２丁目８−９,33.6512294,130.6834551,飲食店
モスバーガー飯塚かやの森店,柏の森,paper,モスバーガー飯塚かやの森店,〒820-0011 福岡県飯塚市柏の森７−１,33.6454146,130.7109203,カフェ
スーパーＡＳＯ昭和通店,菰田西,paper,スーパー麻生 昭和通店,〒820-0017 福岡県飯塚市菰田西２丁目３−３−３４,33.6297403,130.68691,飲食店
アンジョルノカフェ,新飯塚,paper,UN GIORNO CAFE,〒820-0005 福岡県飯塚市新飯塚７−３３,33.6434671,130.6935389,カフェ
スーパーセンタートライアル飯塚店,徳前,paper,スーパーセンタートライアル飯塚店,〒820-0033 福岡県飯塚市徳前４０−１,33.632029,130.683112,ドラッグストア
世界のハンバーグ ポパイ,花瀬,paper,世界のハンバーグ ポパイ,〒820-0045 福岡県飯塚市花瀬２０２−１,33.6416224,130.6573672,飲食店
花のフジモト,飯塚,paper,花のフジモト,〒820-0041 福岡県飯塚市飯塚１３−２１,33.637059,130.684913,花屋
ロイヤルホスト飯塚店,片島,paper,ロイヤルホスト飯塚店,〒820-0068 福岡県飯塚市片島１丁目７−２９,33.6425615,130.6768155,飲食店
もつ鍋 やじろべえ飯塚店,柏の森,paper,もつ鍋 やじろべえ 飯塚店,〒820-0011 福岡県飯塚市柏の森５１６−２,33.6402209,130.6988621,バー
AVENUE,菰田西,paper,菰田西,〒820-0017 福岡県飯塚市菰田西,33.6325406,130.688601,political
一膳,新飯塚,paper,居酒屋 一膳（いちぜん）,〒820-0005 福岡県飯塚市新飯塚７−２５,33.6428357,130.693339,飲食店
渡邊硝子建材,徳前,paper,（株）渡辺硝子建材,〒820-0033 福岡県飯塚市徳前３６−４,33.6314841,130.6822274,店舗
ゆめマート花瀬,花瀬,paper,ゆめマート 花瀬,〒820-0045 福岡県飯塚市花瀬１６８−２,33.6421063,130.6582171,飲食店
スナック・パンダ,飯塚,paper,パンダ,〒820-0041 福岡県飯塚市飯塚２−２７,33.6368395,130.6878752,飲食店
アントス（株）,上三緒,paper,アントス（株）,〒820-0013 福岡県飯塚市上三緒１７２−１,33.6213643,130.717443,その他
酒菜よし葉,柏の森,paper,酒菜 よし葉,〒820-0011 福岡県飯塚市柏の森６４９−３,33.6399199,130.6948172,飲食店
いいづかもけい,菰田西,paper,いいづかもけい,〒820-0017 福岡県飯塚市菰田西３丁目１８−１３,33.6368058,130.6899294,店舗
井上洋服店,新飯塚,paper,井上洋服店,〒820-0005 福岡県飯塚市新飯塚６−１６,33.643742,130.692848,衣料品店
アルゾ飯塚幸袋店,中,paper,アルゾ 飯塚幸袋店,〒820-0065 福岡県飯塚市中２２７−１,33.6665053,130.687537,飲食店
めん処大助 花瀬店,花瀬,paper,大助うどん 花瀬店,〒820-0045 福岡県飯塚市花瀬３−１,33.6408758,130.6656764,飲食店
パブ珈琲園,飯塚,paper,パブコーヒーエン,〒820-0041 福岡県飯塚市飯塚１２−２５,33.6370594,130.6851853,カフェ
佐藤商店,上三緒,paper,（有）佐藤商店,〒820-0013 福岡県飯塚市上三緒１−４５,33.61779180000001,130.7181337,生活雑貨
カラオケ＆カフェ ＲＥＶＯ,柏の森,paper,KARAOKE & CAFE REVO,〒820-0011 福岡県飯塚市柏の森56番１１,33.6437208,130.7036848,その他
石井商会,菰田西,paper,合資会社 石井商会,〒820-0017 福岡県飯塚市菰田西１丁目４−２８,33.6269369,130.6876881,その他
揚げ処えびるす,新飯塚,paper,揚げ処 えびるす,〒820-0005 福岡県飯塚市新飯塚１０−５,33.64336249999999,130.6926906,飲食店
アロマ クローバー,中,paper,アロマクローバー,〒820-0065 福岡県飯塚市中１８２−３,33.6667105,130.6888895,健康・医療
居酒屋味坊,東徳前,paper,味坊,〒820-0032 福岡県飯塚市東徳前２０−３０ 金澤ビル,33.635992,130.679265,飲食店
フジイ進物店,飯塚,paper,（株）フジイ進物店,〒820-0041 福岡県飯塚市飯塚１１−２６,33.6367052,130.6861046,店舗
しらゆり会館飯塚・上三緒会場,上三緒,paper,しらゆり会館上三緒斎場,〒820-0013 福岡県飯塚市上三緒８７１−９,33.6249639,130.7034243,葬儀場
ワイズキッチン,柏の森,paper,Ｙ’ｓキッチン,〒820-0011 福岡県飯塚市柏の森５３２−３,33.6410116,130.698431,飲食店
井筒屋飯塚ショップ,菰田西,paper,井筒屋 飯塚ショップ,〒820-0017 福岡県飯塚市菰田西３丁目６−１,33.6326269,130.6852821,店舗
久里屋,新飯塚,paper,久里屋,〒820-0005 福岡県飯塚市新飯塚１９−３０,33.6442742,130.6911679,飲食店
内山刃物,中,paper,内山刃物,〒820-0065 福岡県飯塚市中４８４−２,33.6652722,130.6844996,店舗
居酒屋二代目きんぐ,東徳前,paper,居酒屋きんぐ,〒820-0032 福岡県飯塚市東徳前９−６,33.6349536,130.6818628,飲食店
Cut in Murashi,飯塚,paper,カットインムラシ美容室,〒820-0041 福岡県飯塚市飯塚４−１９ アークスビル,33.6373578,130.6865328,美容室
スーパーセンタートライアル上三緒店,上三緒,paper,スーパーセンタートライアル上三緒店,〒820-0013 福岡県飯塚市上三緒１−７,33.6207046,130.7192382,ドラッグストア
タイヤガーデンBーWAVE,川島,paper,タイヤガーデン B-WAVE店,〒820-0002 福岡県飯塚市川島２３１−６,33.6581296,130.6938437,自動車修理
江藤時計店本店,菰田西,paper,江藤時計店本店,〒820-0017 福岡県飯塚市菰田西３丁目６−１ ゆめタウン飯塚店 2F,33.6325401,130.6852928,健康・医療
けいこ美容室,新飯塚,paper,けいこ美容室,〒820-0005 福岡県飯塚市新飯塚８−８,33.6425823,130.693138,美容室
Cafe Rocco,中,paper,Cafe ROCCO（カフェ・ロッコ）,〒820-0065 福岡県飯塚市中４３１−１,33.6648264,130.6857647,カフェ
煮込み食堂 煮こ屋,東徳前,paper,にこみ食堂 煮こ屋,〒820-0032 福岡県飯塚市東徳前２０−３０ 金澤ビル,33.6359796,130.6791122,飲食店
元野木書店,飯塚,paper,（株）元野木書店,〒820-0041 福岡県飯塚市飯塚１８−３,33.6369614,130.6846128,書店
ふらんす料理 平野,上三緒,paper,ふらんす料理 平野,〒820-0013 福岡県飯塚市上三緒４４３−１４６,33.6279227,130.7157935,飲食店
グッデイ飯塚店,川島,paper,ホームセンターグッデイ 飯塚店,〒820-0002 福岡県飯塚市川島６９６,33.6537049,130.6880463,衣料品店
リフォームおはりばこ,菰田西,paper,おはりばこ,〒820-0017 福岡県飯塚市菰田西３丁目２−３,33.6314759,130.6887935,その他
五龍酒店,新飯塚,paper,五龍酒店,〒820-0005 福岡県飯塚市新飯塚１１−３,33.6439904,130.6923309,店舗
カラオケリズミカル サンタス飯塚店,中,paper,カラオケリズミカル 飯塚サンタス店,〒820-0065 福岡県飯塚市中３３０−１,33.6675669,130.6833256,その他
松本刃物店,東徳前,paper,松本刃物 徳前店,〒820-0032 福岡県飯塚市東徳前７−２６,33.6366468,130.6822428,店舗
たい焼山口屋,飯塚,paper,たい焼き 山口屋,〒820-0041 福岡県飯塚市飯塚１８−１８,33.6368674,130.6847075,飲食店
パンとお菓子の店Fille de ble’,上三緒,paper,パンとお菓子の店Fille de ble´（ﾌｨｰﾕﾄﾞﾌﾞﾚ）,〒820-0013 福岡県飯塚市上三緒445番地4,33.6255108,130.7152129,ベーカリー
中嶋プロパン瓦斯,川島,paper,中嶋プロパン瓦斯(株),〒820-0002 福岡県飯塚市川島７００−１,33.6544142,130.6884179,その他
KAIKA ゆめタウン飯塚店,菰田西,paper,KAIKA ゆめタウン飯塚店,〒820-0017 福岡県飯塚市菰田西３丁目６−１ ゆめタウン飯塚 1F,33.6322519,130.6855079,花屋
居酒屋佐助,新飯塚,paper,居酒屋 佐助 ※喫煙可,〒820-0005 福岡県飯塚市新飯塚４−１２,33.645046,130.6925297,飲食店
Ｃ．Ｃ．ＳＥＴＯ,中,paper,C.C.SETO,〒820-0065 福岡県飯塚市中１０８４,33.6704864,130.6791806,店舗
レディバード,東徳前,paper,軽食・喫茶 レディバード,〒820-0032 福岡県飯塚市東徳前９−２２,33.6349153,130.6816856,カフェ
矢野鮮魚店,飯塚,paper,矢野鮮魚店,〒820-0041 福岡県飯塚市飯塚１２−２４,33.6370761,130.6850659,飲食店
ミスタータイヤマンパドック飯塚,上三緒,paper,ミスタータイヤマン パドック飯塚,〒820-0013 福岡県飯塚市上三緒１−６３,33.6188732,130.7195038,自動車修理
arukーある暮らしー,川津,paper,aruk cafe（アルクカフェ),〒820-0067 福岡県飯塚市川津２７１−２,33.6505855,130.6790493,カフェ
からあげ大将飯塚本店,菰田西,paper,からあげ大将 飯塚本店,〒820-0017 福岡県飯塚市菰田西２丁目４−１２,33.6296117,130.6874458,飲食店
佐藤コンタクトレンズセンター,新飯塚,paper,佐藤眼科医院,〒820-0005 福岡県飯塚市新飯塚６−２１,33.6438204,130.6929881,医療機関
ステーキビストロWaltz,中,paper,ステーキビストロ Waltz（ワルツ）,〒820-0065 福岡県飯塚市中１７７−１,33.6663303,130.6881732,飲食店
アベタ・ソレイユ/ヴァーグ,本町,paper,アベタ本町店,〒820-0042 福岡県飯塚市本町２−１９,33.6399015,130.6862332,衣料品店
ユゲデンキ,飯塚,paper,ユゲデンキ（株） サウンズライフユゲ別館,〒820-0041 福岡県飯塚市飯塚１２−１１,33.6370585,130.6857286,電器店
もりまさ薬局,上三緒,paper,もりまさ薬局,〒820-0013 福岡県飯塚市上三緒１７７−２２,33.6224288,130.7165619,健康・医療
アールテックシステム株式会社,川津,paper,アールテックシステム株式会社,〒820-0067 福岡県飯塚市川津３６９−４,33.64772,130.6781475,建設・工事
ニュウファッション神戸,菰田西,paper,ニュウファッション神戸,〒820-0017 福岡県飯塚市菰田西３丁目８−９,33.63229,130.6871458,衣料品店
おでん炭火焼眞次郎,新飯塚,paper,炭火焼・おでん 眞次郎,〒820-0005 福岡県飯塚市新飯塚１４−２,33.6439151,130.6918366,飲食店
ツルハドラッグ 中店,中,paper,ツルハドラッグ 中店,〒820-0065 福岡県飯塚市中４１９−１,33.6648468,130.6868689,ドラッグストア
炭火焼鳥あらた,本町,paper,炭火焼鳥 あらた arata,〒820-0042 福岡県飯塚市本町５−１４,33.6387703,130.6865518,バー
リコグリル,飯塚,paper,リコグリル,〒820-0041 福岡県飯塚市飯塚１１−２３,33.636773,130.685873,バー
居酒屋落花生,上三緒,paper,落花生,〒820-0013 福岡県飯塚市上三緒４４５−１７,33.6256907,130.7154942,飲食店
アンコルド パン,川津,paper,パン工房 Encore du Pain（アンコル・ド・パン）,〒820-0067 福岡県飯塚市川津１９４−２,33.6530483,130.6798853,ベーカリー
合屋電器店,菰田西,paper,Panasonic shop 合屋電器店,〒820-0017 福岡県飯塚市菰田西２丁目４−９,33.6293463,130.6874644,生活雑貨
シャンソン化粧品ＣＥサロン ’elua,新飯塚,paper,シャンソン化粧品ＣＥサロン'elua(エルア),〒820-0005 福岡県飯塚市新飯塚１７−１３,33.6433451,130.6908943,美容室
にこにこ亭,中,paper,ほかほか弁当 にこにこ亭 幸袋店,〒820-0065 福岡県飯塚市中４３１−６,33.6647112,130.6860407,飲食店
いいづか補聴器,本町,paper,いいづか補聴器,〒820-0042 福岡県飯塚市本町１７−４３,33.6401116,130.6833862,健康・医療
若鳥,飯塚,paper,若鳥,〒820-0041 福岡県飯塚市飯塚２−２４,33.6365385,130.6878898,飲食店
おしゃれハウスアモ,柏の森,paper,おしゃれハウス アモ,〒820-0011 福岡県飯塚市柏の森５１６−１,33.640041,130.698712,美容室
アキモト酸素,川津,paper,(有)アキモト酸素,〒820-0062 福岡県飯塚市目尾５１５−８４,33.6804986,130.6949147,その他
サーティワンアイスクリーム ゆめタウン飯塚店,菰田西,paper,サーティワンアイスクリーム ゆめタウン飯塚店,〒820-0017 福岡県飯塚市菰田西３丁目６−１,33.632598,130.685579,ベーカリー
ジンギスバル滝川本店,新飯塚,paper,ジンギスバル 滝川本店 黒千代香,〒820-0005 福岡県飯塚市新飯塚１４−６,33.6438486,130.6915073,飲食店
ふくまＤＥＮＫＩ,中,paper,Panasonic shop 福島電機,〒820-0005 福岡県飯塚市新飯塚２３−２３,33.6432542,130.6891245,生活雑貨
ヴィタリコ飯塚店,本町,paper,ヴィタリコ飯塚店,〒820-0042 福岡県飯塚市本町７−２４,33.640133,130.6847816,衣料品店
にじいろ整体セラピー,飯塚,paper,にじいろ整体セラピー,〒820-0041 福岡県飯塚市飯塚１８−３ 元野木書店ビル 1Ｆ,33.6369614,130.6846128,その他
くいもん家あじと,柏の森,paper,くいもん家 あじと,〒820-0011 福岡県飯塚市柏の森６４９−３,33.639929,130.694893,飲食店
メガネのアイ・ルック,川津,paper,メガネのアイ・ルック,〒820-0067 福岡県飯塚市川津４０９−２ コスモ8,33.647985,130.674524,健康・医療
庄屋ゆめタウン飯塚店,菰田西,paper,庄屋 ゆめタウン飯塚店,〒820-0017 福岡県飯塚市菰田西３丁目６−１ ゆめタウン飯塚 2F,33.6325403,130.6852944,飲食店
スイフンガ,新飯塚,paper,中華飯店 浽芬河(すいふんが),〒820-0005 福岡県飯塚市新飯塚１９−３０,33.6443968,130.6910567,飲食店
ふらってぃーのドッグカフェ,中,paper,ふらってぃールーム,〒820-0065 福岡県飯塚市中３５３,33.6659423,130.6859521,宿泊施設
エム・ドリーム,本町,paper,エム·ドリーム,〒820-0042 福岡県飯塚市本町１４−５,33.6382297,130.6848365,衣料品店
倉重酒店ー酒を愉しみ食を喜ぶー,伊川,paper,倉重酒店 ー酒を愉しみ食を喜ぶー,〒820-0054 福岡県飯塚市伊川５３５−１７,33.6511709,130.6542629,店舗
麻生塾ボウル,柏の森,paper,麻生塾ボウル,〒820-0011 福岡県飯塚市柏の森６−１ 麻生塾ボウル １階,33.6448336,130.7092223,ボウリング
パティスリー エスポワール,川津,paper,Patisserie Espoir(パティスリーエスポワール),〒820-0067 福岡県飯塚市川津６３９−４,33.6525805,130.6794094,ベーカリー
手づくりパン工房スピカ,菰田西,paper,手づくりパン工房 スピカ,〒820-0017 福岡県飯塚市菰田西３丁目１−４,33.6317289,130.6890515,ベーカリー
セブンスポーツ,新飯塚,paper,セブンスポーツ,〒820-0005 福岡県飯塚市新飯塚２３−１７,33.6427913,130.6893133,店舗
フロム,中,paper,居酒屋 FROM（フロム）,〒820-0065 福岡県飯塚市中３３６−２,33.6666059,130.6833873,飲食店
おふくろ,本町,paper,おふくろ,〒820-0042 福岡県飯塚市本町６−６,33.6394103,130.686472,飲食店
木原コンタクト,伊岐須,paper,木原眼科医院,〒820-0053 福岡県飯塚市伊岐須２９８−６,33.652417,130.665148,医療機関
一八飯店,柏の森,paper,中華料理 一八飯店,〒820-0011 福岡県飯塚市柏の森９２,33.6389363,130.7061228,飲食店
オーラッキーズクラブ,川津,paper,【新車中古車販売】オーラッキーズクラブ,〒820-0067 福岡県飯塚市川津７３０,33.6543951,130.6830756,自動車修理
Zoff Marche ゆめタウン飯塚,菰田西,paper,Zoff Marche ゆめタウン飯塚店,〒820-0017 福岡県飯塚市菰田西３丁目６−１ ゆめタウン飯塚 2F,33.6325403,130.6852944,健康・医療
DartsBar333,新飯塚,paper,Darts Bar 333,〒820-0005 福岡県飯塚市新飯塚１３−２,33.6448251,130.6919031,バー
丸島園,中,paper,丸島園,〒820-0065 福岡県飯塚市中１０９３−１,33.6718337,130.6775354,飲食店
熾火ト酒,本町,paper,熾火ト酒,〒820-0042 福岡県飯塚市本町８−１７,33.639039,130.685579,飲食店
カーネル食堂,本町,paper,諸国めしや カーネル食堂,〒820-0042 福岡県飯塚市本町７−２８ ザ・ズームビル 2F,33.6404261,130.684789,飲食店
ＰＯＬＡアメリーズ店,横田,paper,POLA 飯塚店,〒820-0044 福岡県飯塚市横田５８５−１,33.6409837,130.6670755,美容室
ビップエコー飯塚店,秋松,paper,ビップエコー 飯塚店,〒820-0083 福岡県飯塚市秋松９６２−３,33.6236499,130.6716989,その他
癒心房,忠隈,paper,美味肉処 癒心房 ボタニカ,〒820-0071 福岡県飯塚市忠隈７１−４,33.6240504,130.6888121,飲食店
グルメ寿司貫べえ飯塚店,堀池,paper,グルメ寿司 貫べえ 飯塚店,〒820-0070 福岡県飯塚市堀池２６０−１,33.6239984,130.6826692,飲食店
江藤電器,長尾,paper,Panasonic shop 江藤電器,〒820-0701 福岡県飯塚市長尾１２２７−６,33.569117,130.646118,生活雑貨
たまごん工房,佐與,paper,たまごん工房 直売所,〒820-1113 福岡県飯塚市佐與１７０９−２,33.66871770000001,130.718728,飲食店
寿屋化粧品店,本町,paper,寿屋化粧品店,〒820-0042 福岡県飯塚市本町１５−９,33.6387661,130.6847572,店舗
ミスターマックス飯塚花瀬店,横田,paper,ミスターマックス 飯塚花瀬店,〒820-0044 福岡県飯塚市横田５８１−６,33.6403661,130.6674767,ドラッグストア
tete秋松店,秋松,paper,石窯Grill&Wine Dining TETE（てて）,〒820-0005 福岡県飯塚市新飯塚１５−１０,33.6432729,130.6920591,飲食店
江藤石油(株),忠隈,paper,江藤石油 飯塚 SS,〒820-0071 福岡県飯塚市忠隈１０５−１,33.6257295,130.6870148,ガソリンスタンド
Cafe CuLuRe(カフェ クルール),堀池,paper,カフェ クルール,〒820-0070 福岡県飯塚市堀池１７９−２,33.6298871,130.6816399,カフェ
セブンイレブン筑穂中学校前店,長尾,paper,セブン-イレブン 筑穂中学校前店,〒820-0701 福岡県飯塚市長尾８９９−１,33.5743471,130.6437565,コンビニ
ホームプラザナフコ頴田店,佐與,paper,ホームプラザナフコ 頴田店,〒820-1113 福岡県飯塚市佐與２３６２,33.6670074,130.7170611,生活雑貨
佐藤眼鏡店(メガネのサトー),本町,paper,メガネのサトー本町店,〒820-0042 福岡県飯塚市本町７−２０ 商店街,33.6399219,130.684705,健康・医療
みそらぼ,横田,paper,MisoLabo みそらぼ,〒820-0044 福岡県飯塚市横田５１５−１ ラグエクリュA 3号,33.6397109,130.6700203,飲食店
セゾンドぶらんこ,秋松,paper,ぶらんこ,〒820-0083 福岡県飯塚市秋松７４８−１,33.6203917,130.6734422,衣料品店
福祉用具おおつか 飯塚営業所,忠隈,paper,福祉用具おおつか 飯塚営業所,〒820-0071 福岡県飯塚市忠隈５０３−２,33.619091,130.681636,健康・医療
CuLuRe(クルール),堀池,paper,クルール,〒820-0070 福岡県飯塚市堀池１７４−４,33.6298793,130.6816461,飲食店
サイクルセンターはやしだ,長尾,paper,サイクルセンター・はやしだ,〒820-0701 福岡県飯塚市長尾１２３４,33.5705601,130.6481501,店舗
ラーメンふじ庵,佐與,paper,ラーメン ふじ庵,〒820-1113 福岡県飯塚市佐與１３９５−１,33.6778223,130.719272,飲食店
しまづ者,本町,paper,海鮮居酒屋 しまづ者,〒820-0042 福岡県飯塚市本町８−７,33.6395675,130.6859262,飲食店
（有）建築工房やました屋,横田,paper,tatta 建築工房やました屋,〒820-0044 福岡県飯塚市横田５８９−１,33.64068,130.6691207,その他
本場インド料理ルパ穂波店,秋松,paper,本場インド料理 ルパ 穂波店,〒820-0083 福岡県飯塚市秋松９１９ ハローデイ穂波店店内,33.6202636,130.6709745,飲食店
御菓子司亀屋延永,忠隈,paper,御菓子司 亀屋延永（かめやのぶなが）,〒820-0071 福岡県飯塚市忠隈７７−３４,33.6238941,130.6897562,飲食店
ケイターズ（AUTO GARAGE KEITA'S）,堀池,paper,株式会社ケイターズ,〒820-0070 福岡県飯塚市堀池１８６−５,33.6291371,130.6817229,その他
スーパー川食筑穂店,平塚,paper,スーパー川食 食彩館 筑穂店,〒820-0702 福岡県飯塚市平塚２９５−２,33.5768286,130.6610547,飲食店
しらゆり会館小竹・頴田会場,勢田,paper,しらゆり会館 小竹・頴田会場,〒820-1111 福岡県飯塚市勢田１０８９−１,33.6810915,130.7237893,葬儀場
ＲＲＲエンターテイメント,本町,paper,本町商店街,〒820-0042 福岡県飯塚市本町１０,33.6382869,130.6849324,その他
龍王ガス,横田,paper,龍王ガス(株) 本社,〒820-0044 福岡県飯塚市横田８２６−３,33.6498867,130.669893,その他
ドラッグストアモリ飯塚秋松店,秋松,paper,ドラッグストアモリ飯塚秋松店,〒820-0083 福岡県飯塚市秋松１５−５,33.6189077,130.6802125,ドラッグストア
驫(さんま),忠隈,paper,料理倶楽部 驫(さんま),〒820-0071 福岡県飯塚市忠隈４３８−３,33.62143200000001,130.682816,飲食店
なんばん往来本店,堀池,paper,なんばん往来 Sweets-Bistro,〒820-0070 福岡県飯塚市堀池１２８−１,33.6273044,130.6836876,ベーカリー
木下石油,平塚,paper,ENEOS 平塚 SS (木下石油店),〒820-0702 福岡県飯塚市平塚３９１,33.5738637,130.6581804,ガソリンスタンド
松隈食料品店,勢田,paper,松隈栄商店,〒820-1111 福岡県飯塚市勢田３３８−６７,33.6930573,130.7360332,飲食店
炭バル ダブル,本町,paper,炭バル www-double-（ダブル）,〒820-0042 福岡県飯塚市本町７−２８ ザ、ズームビル 1F,33.6404029,130.6848165,飲食店
あぐらの離れ,芳雄町,paper,海鮮居酒屋 あぐらの離れ,〒820-0018 福岡県飯塚市芳雄町１−１１,33.6418044,130.6933319,飲食店
ヤマダデンキ テックランド飯塚店,秋松,paper,ヤマダデンキ テックランド飯塚店,〒820-0083 福岡県飯塚市秋松８３７,33.617406,130.671574,電器店
パティスリーＳＯＮＯＫＩ,忠隈,paper,Patisserie SONOKI（パティスリー・ソノキ）,〒820-0071 福岡県飯塚市忠隈４０４−４,33.6203987,130.683211,ベーカリー
文具のたまおき本店,堀池,paper,文具のたまおき 本店,〒820-0070 福岡県飯塚市堀池１７９−２,33.6298522,130.681777,店舗
ドラッグストアコスモス筑穂店,平塚,paper,ドラッグストアコスモス 筑穂店,〒820-0702 福岡県飯塚市平塚２９４−１,33.5765057,130.6609948,ドラッグストア
セブンイレブン飯塚本町店,本町,paper,セブン-イレブン 飯塚本町店,〒820-0042 福岡県飯塚市本町８−１,33.6397608,130.6856687,コンビニ
スーパーマーケットASO新飯塚店,芳雄町,paper,スーパー麻生 新飯塚店,〒820-0018 福岡県飯塚市芳雄町２−１９５２,33.6419224,130.6929919,飲食店
ユニクロ飯塚店,秋松,paper,ユニクロ 飯塚店,〒820-0083 福岡県飯塚市秋松８６６−１,33.6181075,130.6719155,衣料品店
焚炎 竹や,忠隈,paper,地鶏炭火焼料理 焚炎 竹や,〒820-0071 福岡県飯塚市忠隈５３７−１,33.6196763,130.6810116,飲食店
ダイレックス飯塚店,堀池,paper,ダイレックス 飯塚店,〒820-0070 福岡県飯塚市堀池８７−１,33.623896,130.683568,飲食店
ヘアーサロン モロオカ,平塚,paper,ヘアーサロンモロオカ,〒820-0702 福岡県飯塚市平塚２５８−７,33.57672160000001,130.6623409,美容室
E-REVO卓球BASE,本町,paper,E-REVO 卓球BASE（イーレボ）,〒820-0042 福岡県飯塚市本町１３−８ 飯塚SSビル 5階,33.6374474,130.6846155,その他
上島珈琲店飯塚病院店,芳雄町,paper,上島珈琲店 飯塚病院店,〒820-0018 福岡県飯塚市芳雄町３−８３ 飯塚病院 1F,33.642493,130.691437,カフェ
ガスのアイプロ,枝国,paper,（株）アイプロ 本社,〒820-0081 福岡県飯塚市枝国５０７,33.6346155,130.672856,その他
ドコモショップ穂波店,忠隈,paper,ドコモショップ穂波店,〒820-0071 福岡県飯塚市忠隈４５２−１,33.623071,130.683489,店舗
清水理容室 チャボ,堀池,paper,清水理容室 チャボ,〒820-0070 福岡県飯塚市堀池５７−５,33.6278076,130.68567,美容室
Ｙｕｍｍｙ Ｃａｋｅｓ,平塚,paper,ヤミィケーキ,〒820-0702 福岡県飯塚市平塚３９６−１,33.5745353,130.6587857,ベーカリー
タイラ時計店,本町,paper,宝石時計のタイラ,〒820-0042 福岡県飯塚市本町１５−８,33.638828,130.68472,店舗
サンエトワール新飯塚店,芳雄町,paper,サンエトワール新飯塚店,〒820-0018 福岡県飯塚市芳雄町４−２０,33.6414337,130.6930411,ベーカリー
イオン穂波ショッピングセンター,枝国,paper,イオン穂波ショッピングセンター,〒820-0081 福岡県飯塚市枝国長浦６６６−４８,33.6370555,130.6737438,shopping_mall
とんかつ専門店うめーや,太郎丸,paper,とんかつ うめーや,〒820-0076 福岡県飯塚市太郎丸５２３−４,33.6049487,130.6726463,飲食店
めがねのツカハラ,堀池,paper,（有）めがねのツカハラ,〒820-0070 福岡県飯塚市堀池１５５−３ 中村ビル,33.629279,130.6831294,健康・医療
あかね荘,山口,paper,あかね荘,〒820-0711 福岡県飯塚市山口６１１−２,33.557662,130.620462,飲食店
竹川鮮魚,本町,paper,竹川鮮魚,〒820-0042 福岡県飯塚市本町１６−３２,33.6402377,130.6840207,飲食店
花和,芳雄町,paper,花和,〒820-0018 福岡県飯塚市芳雄町１８−２８,33.6390043,130.6921515,花屋
イオン穂波店ショッピングセンター同友店会,枝国,paper,イオン穂波ショッピングセンター,〒820-0081 福岡県飯塚市枝国長浦６６６−４８,33.6370555,130.6737438,shopping_mall
ドラッグストアコスモス穂波店,太郎丸,paper,ドラッグストアコスモス 穂波店,〒820-0076 福岡県飯塚市太郎丸９３３,33.61144,130.6712106,ドラッグストア
デラシネ(deracine),堀池,paper,デラシネ（ｄｅｒａｃｉｎｅ）,〒820-0070 福岡県飯塚市堀池１７０−１ メイゾンイサヤマ 103,33.6298225,130.683004,衣料品店
庄内地区,,paper,庄内川,福岡県 庄内川,33.6463416,130.7255152,自然
たまや毛糸店,本町,paper,たまや衣料品店,〒820-0042 福岡県飯塚市本町８−２６,33.6391499,130.6849981,飲食店
パンセ アミエ店,芳雄町,paper,（株）パンセ アミエ店,〒820-0018 福岡県飯塚市芳雄町８−１８２９−１,33.6403391,130.692609,美容室
ウエスト飯塚店うどんコーナー,枝国,paper,うどんウエスト 飯塚店,〒820-0081 福岡県飯塚市枝国２１６−４,33.6304684,130.674025,飲食店
ステーキハウス 三田屋,太郎丸,paper,廣岡揮八郎のステーキハウス 三田屋（さんだや） 福岡飯塚店,〒820-0076 福岡県飯塚市太郎丸７５７−１３,33.6076096,130.6716319,飲食店
ドラッグストアコスモス堀池店,堀池,paper,ドラッグストアコスモス 堀池店,〒820-0070 福岡県飯塚市堀池１０５−１,33.6263841,130.6837344,ドラッグストア
庄内タクシー,赤坂,paper,有限会社 Shonai観光 庄内タクシー 本社営業所,〒820-0106 福岡県飯塚市赤坂７９５−２,33.6167728,130.7388826,その他
たこ吉,本町,paper,たこ吉,〒820-0042 福岡県飯塚市本町１３−３０,33.6375723,130.6846148,飲食店
ローソン飯塚病院店,芳雄町,paper,ローソン 飯塚病院店,〒820-0018 福岡県飯塚市芳雄町３−８３,33.6426526,130.6921453,コンビニ
ウエスト飯塚店焼肉コーナー,枝国,paper,焼肉ウエスト 飯塚店,〒820-0081 福岡県飯塚市枝国２１６−５,33.6307542,130.67438,飲食店
筑豊葬祭セレモニーヴィラ穂波斎場,太郎丸,paper,筑豊葬祭 セレモニーヴィラ穂波（穂波ファミリー斎場）,〒820-0076 福岡県飯塚市太郎丸１１５１−１,33.612262,130.6694557,葬儀場
はないちもんめ,堀池,paper,はないちもんめ,〒820-0070 福岡県飯塚市堀池１５５−８,33.629234,130.682682,飲食店
Modernist Cuisine Restaurant Hidaka,赤坂,paper,Modernist Cuisine Restaurant Hidaka (フレンチ&イタリアン レストランヒダカ),〒820-0106 福岡県飯塚市赤坂７３６−１０,33.61534510000001,130.7400679,飲食店
千鳥屋本家 飯塚本店,本町,paper,千鳥屋本家 飯塚本店,〒820-0042 福岡県飯塚市本町４−２１ 4番21号,33.6380121,130.6866114,飲食店
R－GARDEN+,吉原町,paper,R-GARDEN+,〒820-0040 福岡県飯塚市吉原町１１−１,33.6407525,130.6858977,カフェ
鮨 魚鮮,枝国,paper,鮨 魚鮮,〒820-0081 福岡県飯塚市枝国５２６,33.63468,130.6697981,飲食店
ニトリ飯塚店,太郎丸,paper,ニトリ 飯塚店,〒820-0076 福岡県飯塚市太郎丸１２８７−１,33.6152419,130.6700797,電器店
入江電器,南尾,paper,入江電器,〒820-0072 福岡県飯塚市南尾１８０,33.6191543,130.6872683,生活雑貨
山本酒店,赤坂,paper,山本酒店,〒820-0106 福岡県飯塚市赤坂４８８−３,33.6216574,130.73543,店舗
街家ｃａｆｅつむぎ,本町,paper,街家cafe つむぎ,〒820-0042 福岡県飯塚市本町１６−８,33.6397623,130.6844713,カフェ
あんど,吉原町,paper,あんど,〒820-0040 福岡県飯塚市吉原町８−８,33.6403296,130.6873607,飲食店
エクセルブランチ,枝国,paper,レストラン EXCEL BRANCH(エクセルブランチ),〒820-0081 福岡県飯塚市枝国２１８−１,33.630884,130.6737927,飲食店
あったかパソコン教室飯塚校,椿,paper,あったかパソコン教室飯塚校,〒820-0084 福岡県飯塚市椿１２３−７,33.6187019,130.6661887,その他
食房KOSAI,南尾,paper,食房 KOSAI,〒820-0072 福岡県飯塚市南尾２８７,33.616126,130.6844313,飲食店
エースタクシー,有井,paper,エースタクシー,〒820-0112 福岡県飯塚市有井２１２−１,33.6525802,130.7234049,その他
とりさし梅松 福岡飯塚店,本町,paper,とりさし梅松 福岡飯塚店,〒820-0042 福岡県飯塚市本町８−３０,33.639551,130.6848886,飲食店
（一社）飯塚観光協会,吉原町,paper,一般社団法人飯塚観光協会,〒820-0040 福岡県飯塚市吉原町６−１ あいタウン 2F,33.6417441,130.686434,旅行代理店
オンデーズ イオン穂波店,枝国,paper,OWNDAYS イオン穂波店,〒820-0081 福岡県飯塚市枝国 長浦 666 ４８ イオン穂波ショッピングセンター 2F,33.6372266,130.67353,健康・医療
ドラッグストアモリ 穂波店,椿,paper,ドラッグストアモリ 穂波店,〒820-0084 福岡県飯塚市椿１１９−２,33.6193376,130.6662067,ドラッグストア
３びきのこぶた,南尾,paper,３びきのこぶた,〒820-0072 福岡県飯塚市南尾４００−６,33.6170185,130.6808972,飲食店
大塚白蟻工務店,有井,paper,（有）大塚白蟻工務店,〒820-0112 福岡県飯塚市有井５８３−４０,33.656301,130.719488,その他
カラオケともやん,本町,paper,ともやん,〒820-0042 福岡県飯塚市本町８−７ 金広八番街 2F,33.6395821,130.6859341,その他
いけす鯛吉,吉原町,paper,いけす鯛吉,〒820-0040 福岡県飯塚市吉原町１１−１８,33.640169,130.686517,飲食店
緒方たたみ店,枝国,paper,緒方・たたみ店,〒820-0081 福岡県飯塚市枝国４４８−１０,33.634653,130.675071,店舗
ホームプラザナフコ飯塚南店,椿,paper,ホームプラザナフコ 飯塚南店,〒820-0084 福岡県飯塚市椿８９−９,33.6187067,130.6681305,生活雑貨
ピザハット飯塚楽市店,南尾,paper,ピザハット 飯塚楽市店,〒820-0072 福岡県飯塚市南尾４０１−８,33.6174078,130.6814517,飲食店
三晶自動車,有井,paper,（有）三晶自動車,〒820-0112 福岡県飯塚市有井２７５−１,33.647699,130.722137,自動車修理
公設市場 野中鮮魚店,本町,paper,（有）野中鮮魚店,〒820-0042 福岡県飯塚市本町１２−１６,33.6377195,130.6850901,飲食店
大賀薬局飯塚あいタウン店,吉原町,paper,大賀ドラッグストア 飯塚あいタウン店,〒820-0040 福岡県飯塚市吉原町６−１ アイタウン 2F,33.6417444,130.6864091,ドラッグストア
温野菜 飯塚店,枝国,paper,しゃぶしゃぶ温野菜 飯塚店,〒820-0081 福岡県飯塚市枝国６８０−２,33.6358679,130.6760385,飲食店
パソコンドック２４飯塚店,椿,paper,パソコンドック24 飯塚店,〒820-0084 福岡県飯塚市椿１２３−７,33.618752,130.6661314,その他
居酒屋 文月,南尾,paper,居酒屋 文月（ふづき）,〒820-0072 福岡県飯塚市南尾４００−２,33.6171847,130.6808936,飲食店
ファッションセンターしまむら飯塚店,有井,paper,ファッションセンターしまむら 飯塚店,〒820-0112 福岡県飯塚市有井３５５−１,33.6467763,130.7170758,衣料品店
はとや ルナ店,本町,paper,株式会社はとや ルナ店,〒820-0042 福岡県飯塚市本町１０−１８,33.6384683,130.6849227,衣料品店
うなぎの大浦屋,吉原町,paper,うなぎ処 大浦屋,〒820-0040 福岡県飯塚市吉原町１−１０,33.6418099,130.6853335,飲食店
介護ショップクロッカス,枝国,paper,クロッカス,〒820-0081 福岡県飯塚市枝国５１０−２,33.6342809,130.6718992,健康・医療
宝靖自動車,椿,paper,（有）宝靖自動車,〒820-0084 福岡県飯塚市椿１４５−８,33.6163533,130.6661565,店舗
もり田のからあげ 穂波店,南尾,paper,もり田のからあげ穂波店,〒820-0072 福岡県飯塚市南尾４００−２,33.6172212,130.680963,店舗
フェイシャルサロン Sakura,有井,paper,Ｓａｋｕｒａ,〒820-0112 福岡県飯塚市有井３３４−２１,33.646991,130.7213249,その他
ひいらぎ,本町,paper,おむすび&お寿司 ひいらぎ,〒820-0042 福岡県飯塚市本町１５−３３,33.639347,130.6839052,飲食店
カレーショップ華月,吉原町,paper,華月,〒820-0040 福岡県飯塚市吉原町１０−１０,33.6396157,130.6869354,飲食店
キャスティング飯塚店,枝国,paper,釣具のキャスティング 飯塚店,〒820-0081 福岡県飯塚市枝国２１６−４,33.6304008,130.6744535,衣料品店
ＭＥＧＡドン・キホーテ飯塚店,椿,paper,MEGAドン・キホーテ 飯塚店,〒820-0084 福岡県飯塚市椿１１０−１,33.6199187,130.6679101,飲食店
Basis health&beauty,椋本,paper,Basis,〒820-0077 福岡県飯塚市椋本６０１−３４,33.6035911,130.6621723,美容室
ピザハット飯塚近大前店,有井,paper,ピザハット 飯塚近大前店,〒820-0112 福岡県飯塚市有井３５４−２９,33.6458004,130.7167481,飲食店
ひよ子本舗吉野堂 飯塚本店,本町,paper,ひよ子本舗吉野堂 飯塚本店,〒820-0042 福岡県飯塚市本町１５−１,33.6393749,130.6846148,飲食店
かめ屋質店,吉原町,paper,かめ屋質店,〒820-0040 福岡県飯塚市吉原町７−２１ 扶桑ビル,33.6404379,130.686858,店舗
美・サロン きはら,枝国,paper,美サロンきはら,〒820-0081 福岡県飯塚市枝国５０１−１０,33.6347361,130.6735404,店舗
モスバーガー福岡穂波店,椿,paper,モスバーガー福岡穂波店,〒820-0084 福岡県飯塚市椿１９２−１,33.618823,130.663428,カフェ
ボーカル教室ユニゾン,安恒,paper,ボーカル教室ユニゾン,〒820-0085 福岡県飯塚市安恒６０７,33.6113305,130.6530093,その他
BLACK STEELO,有井,paper,ブラックスティーロ,〒820-0112 福岡県飯塚市有井３５４−２１,33.6457722,130.7174435,衣料品店
ビューティ アイランド,本町,paper,カツウラ化粧品ビューティアイランド,〒820-0042 福岡県飯塚市本町１−１２,33.6403722,130.6856612,店舗
喫茶グラスムーン,吉原町,paper,cafe GLASS MOON (喫茶グラス・ムーン),〒820-0040 福岡県飯塚市吉原町１−６,33.6414408,130.6855627,カフェ
レンタルフォトスタジオグレープ,枝国,paper,着物レンタル写真館·グレープ,〒820-0081 福岡県飯塚市枝国５１３−９,33.6343889,130.6712876,衣料品店
くにまる酒店,津原,paper,くにまる酒店,〒820-0086 福岡県飯塚市津原６４９−５,33.6091473,130.6458292,店舗
鮨 魚城,楽市,paper,魚城,〒820-0074 福岡県飯塚市楽市３１０−１,33.610919,130.6791153,飲食店
タイ式マッサージむう庵,有井,paper,タイ式マッサージむう庵,〒820-0112 福岡県飯塚市有井３３４−２１,33.6465785,130.7212476,ジム
タビーガレージ,本町,paper,キャンピングカーレンタル/YADOCARRY販売店 タビーガレージ,〒820-0042 福岡県飯塚市本町２−１９ 2階 【車両展示場は近くにあります】,33.6398857,130.6862101,car_rental
サラン,吉原町,paper,インポートショップ・サラン,〒820-0040 福岡県飯塚市吉原町６−１,33.6417441,130.686434,店舗
エステサロンKENKEN,枝国,paper,YOSAPARK KENKEN,〒820-0081 福岡県飯塚市枝国３６３−３,33.6317139,130.6738303,美容室
安部写真館,天道,paper,安部写真館,〒820-0075 福岡県飯塚市天道３８,33.606586,130.677384,電器店
韓国風居酒屋 オンマ,楽市,paper,韓国居酒屋 オンマ,〒820-0074 福岡県飯塚市楽市３０８−１,33.6108748,130.678658,飲食店
スーパー川食庄内店,有安,paper,スーパー川食 食彩館 庄内店,〒820-0111 福岡県飯塚市有安４２９−１−４２９−１,33.6441925,130.7271961,飲食店
とんかつ専門店ふくや,本町,paper,トンカツと食事の店 ふくや,〒820-0042 福岡県飯塚市本町５−１７,33.6387166,130.6863922,飲食店
やきとりの炭活,吉原町,paper,やきとりの炭活,〒820-0040 福岡県飯塚市吉原町８−４７,33.6400415,130.6870729,飲食店
サーティワンアイスクリームイオン穂波店,枝国,paper,サーティワンアイスクリーム イオン穂波店,〒820-0081 福岡県飯塚市枝国長浦666ｰ48,33.637324,130.673429,ベーカリー
井上呉服店,天道,paper,井上呉服店,〒820-0075 福岡県飯塚市天道４２４,33.6031774,130.6757838,衣料品店
ストロベリーファーム,楽市,paper,ストロベリーファーム,〒820-0074 福岡県飯塚市楽市３０８−１,33.6109154,130.678651,衣料品店
金沢石油(株) セルフ飯塚東店,有安,paper,apollostation セルフ飯塚東SS（金沢石油）,〒820-0111 福岡県飯塚市有安６４６,33.6485926,130.7292262,自動車修理
ブルーミン,本町,paper,ブルーミン,〒820-0042 福岡県飯塚市本町１６−１０,33.6395387,130.6846376,衣料品店
ファミリーショップそうあい,吉原町,paper,（有）ソウアイ,〒820-0040 福岡県飯塚市吉原町７−２１,33.6403609,130.6868951,宝飾店
桜ヶ丘ゴルフセンター,枝国,paper,桜ケ丘ゴルフセンター,〒820-0081 福岡県飯塚市枝国６６６,33.6391401,130.6738049,その他
久保勝治商店,天道,paper,,,,,その他
TAX飯塚,楽市,paper,ＴＡＸ飯塚店/(有)タイセイ自動車,〒820-0074 福岡県飯塚市楽市５９７−５,33.61141,130.673481,店舗
グッデイ庄内店,有安,paper,ホームセンターグッデイ 庄内店,〒820-0111 福岡県飯塚市有安４４０−１,33.6445157,130.7281236,衣料品店
アートギャラリー紅椿,本町,paper,紅椿,〒820-0042 福岡県飯塚市本町１６−８,33.6397558,130.6844515,生活雑貨
鳥一,吉原町,paper,とり料理 鳥一（とりいち）,〒820-0040 福岡県飯塚市吉原町８−２３,33.6390197,130.6879247,飲食店
佐藤眼鏡店(メガネのサトー),枝国,paper,佐藤眼鏡店 イオン穂波店,〒820-0081 福岡県飯塚市枝国長浦666番４８ イオン穂波ショッピングセンタ 1F,33.6370709,130.6738584,健康・医療
篠崎商会,天道,paper,篠崎商会,〒820-0075 福岡県飯塚市天道３６３,33.60322,130.676092,生活雑貨
タイヤ館飯塚,楽市,paper,タイヤ館 飯塚,〒820-0074 福岡県飯塚市楽市６７９−１,33.6139466,130.6722601,自動車修理
Ｓｗｅｅｔ’ｓ ｏｆ ｈａｉｒ,有安,paper,Sweet's of hair,〒820-0111 福岡県飯塚市有安１０３９−１,33.64601870000001,130.7241118,美容室
帽子のほりかわ,本町,paper,帽子のほりかわ,〒820-0042 福岡県飯塚市本町１５−６,33.6389444,130.684812,その他
内藤園あいタウン店,吉原町,paper,（株）内藤園 支店あいタウン店,〒820-0040 福岡県飯塚市吉原町６−１,33.641744,130.686434,飲食店
セブンイレブン飯塚枝国店,枝国,paper,セブン-イレブン 飯塚枝国店,〒820-0081 福岡県飯塚市枝国５００−４,33.6345751,130.6735293,コンビニ
天道ホルモン,天道,paper,天道ホルモン,〒820-0075 福岡県飯塚市天道42−１,33.6069398,130.6777881,飲食店
筑豊ラーメン山小屋穂波店,楽市,paper,九州筑豊ラーメン山小屋 穂波店,〒820-0074 福岡県飯塚市楽市６３０,33.6130992,130.6714406,飲食店
スーパーセンタートライアル飯塚庄内店,有安,paper,スーパーセンタートライアル飯塚庄内店,〒820-0111 福岡県飯塚市有安719番地2,33.6500591,130.7255561,店舗
丸山生花店,本町,paper,丸山生花店,〒820-0042 福岡県飯塚市本町１６−３１,33.6402157,130.6839907,花屋
学生服のひめじ屋,吉原町,paper,学生服のひめじ屋,〒820-0040 福岡県飯塚市吉原町６−１ あいタウン 1階,33.6417444,130.6864091,衣料品店
焼鳥千成,枝国,paper,焼鳥千成,〒820-0081 福岡県飯塚市枝国４２９,33.6331197,130.6701524,飲食店
パーマネントクラブ,天道,paper,パーマネント・クラブ,〒820-0075 福岡県飯塚市天道７０−１,33.605894,130.677203,美容室
ひよ子本舗吉野堂 飯塚工場売店,楽市,paper,ひよ子本舗吉野堂 穂波工場売店,〒820-0074 福岡県飯塚市楽市538ｰ1 穂波工場 1F,33.611036,130.67424,飲食店
くすりのハッピー庄内店,有安,paper,くすりのハッピー 庄内店,〒820-0111 福岡県飯塚市有安６９１,33.64824979999999,130.7274427,ドラッグストア
みどりや,本町,paper,みどりや,〒820-0042 福岡県飯塚市本町１５−７,33.6389403,130.6839646,その他
Ｐｓ 美容室,吉原町,paper,Ps美容室,〒820-0040 福岡県飯塚市吉原町５−３ TMビル,33.643541,130.685384,美容室
麺屋．千寿 本店,枝国,paper,麺屋.千寿 穂波本店,〒820-0081 福岡県飯塚市枝国４９５−１６,33.6351048,130.6740636,飲食店
Ａゴルフセンター,平恒,paper,Ａゴルフセンター,〒820-0073 福岡県飯塚市平恒１−１３,33.610827,130.6994093,その他
ビッグワン,楽市,paper,ビッグワン,〒820-0074 福岡県飯塚市楽市６５４,33.6129314,130.6739812,生活雑貨
ハッピー薬局庄内店,有安,paper,ハッピー薬局 庄内店,〒820-0111 福岡県飯塚市有安６９１,33.6482551,130.727493,ドラッグストア
有限会社みよし,本町,paper,有限会社みよし 呉服部,〒820-0042 福岡県飯塚市本町５−１１,33.638844,130.686698,生活雑貨
味の明太子ふくや飯塚店,吉原町,paper,味の明太子ふくや 飯塚店,〒820-0040 福岡県飯塚市吉原町１１−２ 佐藤ビル,33.640764,130.685915,飲食店
tantan イオン穂波店,枝国,paper,tan tan イオン穂波SC店,〒820-0081 福岡県飯塚市枝国６６６−４８,33.6370709,130.6738584,衣料品店
さかえ屋 平恒おやつshop,平恒,paper,さかえ屋平恒おやつ（アウトレット）ショップ,〒820-0073 福岡県飯塚市平恒４３２−６,33.6084361,130.696007,飲食店
ENEOSサンフラワー楽市SS（山口石油）,楽市,paper,ENEOS サンフラワー楽市 SS (山口石油),〒820-0074 福岡県飯塚市楽市２３１−１,33.6146687,130.6804914,ガソリンスタンド
アラミアルーアン,綱分,paper,Aramiah Ruang,〒820-0101 福岡県飯塚市綱分１３７８−１８,33.6282715,130.7255043,美容室
味覚焼,本町,paper,飯塚名物 味覚焼の 味覚庵,〒820-0042 福岡県飯塚市本町８−７,33.6396489,130.6859887,飲食店
音楽BAR BREAK TIME,吉原町,paper,音楽BAR ブレイクタイム,〒820-0040 福岡県飯塚市吉原町８−４０,33.6393436,130.6873783,バー
charmmie,枝国,paper,チャーミー（ｃｈａｒｍｍｉｅ）,〒820-0081 福岡県飯塚市枝国５１８−１,33.6343453,130.6708849,ペット
洋服の青山飯塚穂波店,弁分,paper,洋服の青山 飯塚穂波店,〒820-0088 福岡県飯塚市弁分15番地52,33.6216439,130.6696069,衣料品店
楽市焼肉ホルモンセンター,楽市,paper,楽市焼肉ホルモンセンター,〒820-0074 福岡県飯塚市楽市４８９−１,33.6095882,130.6783007,飲食店
焼肉開山庄内店,綱分,paper,焼肉 開山 庄内店,〒820-0101 福岡県飯塚市綱分１７１２−５,33.63499669999999,130.7264211,飲食店
京風串揚げ 宗,本町,paper,京風串揚げ 宗,〒820-0042 福岡県飯塚市本町５−１１,33.6388153,130.6867188,飲食店
丸和カーテン,吉原町,paper,丸和カーテン,〒820-0040 福岡県飯塚市吉原町６−１ あいタウン ２Ｆ,33.6417819,130.6864612,生活雑貨
内藤園イオン穂波店,枝国,paper,内藤園 イオン穂波店,〒820-0081 福岡県飯塚市枝国６６６−４８,33.637319,130.673421,飲食店
エディオン飯塚店,弁分,paper,エディオン 飯塚店,〒820-0088 福岡県飯塚市弁分１６−１,33.6231474,130.6690108,生活雑貨
ルミエール穂波店,楽市,paper,ルミエール 穂波店,〒820-0074 福岡県飯塚市楽市６２４−２,33.6122571,130.6720645,飲食店
庄四季物,綱分,paper,庄四季物,〒820-0101 福岡県飯塚市綱分７７０−１,33.638301,130.7286724,その他
わた惣,本町,paper,わた惣,〒820-0042 福岡県飯塚市本町１６−１０,33.6396212,130.684531,飲食店
や台ずし飯塚バスターミナル本町,吉原町,paper,や台ずし飯塚バスターミナル町,〒820-0040 福岡県飯塚市吉原町１１−３,33.6407944,130.6860557,飲食店
ひよ子本舗吉野堂 イオン穂波店,枝国,paper,ひよ子本舗吉野堂 イオン穂波店,〒820-0081 福岡県飯塚市枝国６６６−４８,33.6370291,130.6731681,飲食店
ファッションセンターしまむら穂波店,弁分,paper,ファッションセンターしまむら 穂波店,〒820-0088 福岡県飯塚市弁分字30−２３−５,33.6233688,130.6708694,衣料品店
イエローハット飯塚店,若菜,paper,イエローハット 飯塚店,〒820-0082 福岡県飯塚市若菜２６３−２３,33.6279931,130.6708041,自動車修理
ＪＡふくおか嘉穂庄内給油所,綱分,paper,JA-SS 庄内 SS (JAふくおか嘉穂),〒820-0101 福岡県飯塚市綱分７５６−５,33.6398258,130.7295541,ガソリンスタンド
日新理容室,本町,paper,日新理容室,〒820-0042 福岡県飯塚市本町７−２０,33.6399054,130.6848166,美容室
ゆめマート飯塚,吉原町,paper,ゆめマート 飯塚,〒820-0040 福岡県飯塚市吉原町６−１ ゆめマート飯塚店内,33.6417013,130.6863434,飲食店
エトウ時計店 イオン穂波店,枝国,paper,ビジュ エトウ イオン穂波店,〒820-0081 福岡県飯塚市枝国６６６−４８ １F イオン穂波ショッピングセンター,33.637319,130.673421,宝飾店
シュープラザ飯塚店,弁分,paper,シュープラザ 飯塚店,〒820-0088 福岡県飯塚市弁分 門ノ町15-7,33.6222929,130.6695771,靴店
universal工房HRS,若菜,paper,Ｕｎｉｖｅｒｓａｌ工房 ＨＲＳ,〒820-0082 福岡県飯塚市若菜２４９－１,33.630468,130.67246,自動車修理
セブンイレブン飯塚庄内店,綱分,paper,セブン-イレブン 飯塚庄内店,〒820-0101 福岡県飯塚市綱分１５６６−３,33.6314542,130.7262104,コンビニ
アーユルヴェーダサロンエルフローラ,宮町,paper,アロマ・アーユルヴェーダサロン エルフローラ,〒820-0069 福岡県飯塚市宮町２−８ ２F,33.6403987,130.6837823,美容室
認定補聴器専門店 リオネットセンター飯塚,吉原町,paper,補聴器｜リオネットセンター飯塚,〒820-0040 福岡県飯塚市吉原町３−１４,33.6417468,130.6850674,健康・医療
Flower&Green POPLAR,枝国,paper,flower&green POPLAR / ポプラ,〒820-0081 福岡県飯塚市枝国４６４−３１,33.6369165,130.6728344,花屋
シャトレーゼ飯塚弁分店,弁分,paper,シャトレーゼ 飯塚弁分店,〒820-0088 福岡県飯塚市弁分 字平屋敷１９３番６,33.6238166,130.6664181,ベーカリー
炭火焼鳥えい吉,若菜,paper,炭火焼鳥 えい吉,〒820-0082 福岡県飯塚市若菜２５９−１１,33.6293727,130.6715517,飲食店
お茶とお食事処森山,綱分,paper,お茶とお食事処 森山,〒820-0101 福岡県飯塚市綱分１８０６−２,33.6343016,130.7260427,飲食店
あさひ補聴器,宮町,paper,あさひ補聴器飯塚店,〒820-0069 福岡県飯塚市宮町１４−６,33.6429428,130.6848808,健康・医療
龍王塾,吉原町,paper,龍王塾,〒820-0040 福岡県飯塚市吉原町２−１８ 中野ビル,33.6410123,130.6854804,学校・教育
マリリン イオン穂波店,枝国,paper,マリリン,日本、〒820-0081 福岡県飯塚市枝国,33.6370709,130.6738584,衣料品店
フラワーショップはなびより,弁分,paper,はなびより,〒820-0088 福岡県飯塚市弁分４０５−４,33.6202715,130.6601706,花屋
カレーハウスＣＯＣＯ壱番屋飯塚若菜店,若菜,paper,カレーハウス CoCo壱番屋 飯塚若菜店,〒820-0082 福岡県飯塚市若菜２００−１０,33.6276802,130.6708346,飲食店
いいづかスポーツ・リゾート ザ・リトリート,仁保,paper,いいづかスポーツ・リゾート ザ・リトリート,"8-37 Niho, 仁保 Iizuka, Fukuoka 820-0115",33.6571465,130.7427784,宿泊施設
朝倉屋酒店,宮町,paper,朝倉屋酒店,〒820-0069 福岡県飯塚市宮町１−３,33.6406108,130.6847592,店舗
Ｒｕｄｉｅｓ ｃａｆｅ（ルーディーズ カフェ）,吉原町,paper,Rudies cafe (ルーディーズカフェ),〒820-0040 福岡県飯塚市吉原町７−５,33.6411409,130.6869021,カフェ
モリタゴルフ桜ヶ丘店,枝国,paper,モリタゴルフ桜ヶ丘店,〒820-0081 福岡県飯塚市枝国６６６,33.6390658,130.6739745,店舗
ヒマラヤ飯塚店,弁分,paper,ヒマラヤスポーツ&ゴルフ 飯塚店,〒820-0088 福岡県飯塚市弁分２−１,33.6210649,130.6694978,衣料品店
シモカワ通信,若菜,paper,（株）シモカワ通信,〒820-0082 福岡県飯塚市若菜２５６−１０５,33.6299796,130.6714803,その他
くらや,仁保,paper,くらや,〒820-0115 福岡県飯塚市仁保８,33.6535303,130.7379775,飲食店
ジュエリーシモカワ,宮町,paper,ジュエリー・シモカワ,〒820-0069 福岡県飯塚市宮町２−１３,33.6403775,130.6832621,宝飾店
炉ばた髙,吉原町,paper,炉ばた 高 (たか),〒820-0040 福岡県飯塚市吉原町４−３ 丸光ビル 1階,33.6422467,130.6852629,飲食店
くすりのヤスタケ穂波店,枝国,paper,イオン穂波店１Ｆくすりのヤスタケ,〒820-0081 福岡県飯塚市枝国６６６−４８,33.6370709,130.6738584,ドラッグストア
ピッツァリト,弁分,paper,ピッツァリト,〒820-0088 福岡県飯塚市弁分１２８−５,33.6211707,130.6637036,飲食店
炭火焼肉天神,若菜,paper,焼肉・肉料理 天神,〒820-0082 福岡県飯塚市若菜２１０−７,33.6296395,130.6724437,飲食店
ホットドッグ吉河,仁保,paper,ホットドッグ吉河,〒820-0115 福岡県飯塚市仁保２０−２,33.6523864,130.7365349,飲食店
旬彩ダイニング 樹限無,宮町,paper,旬彩ダイニングじゅげむ,〒820-0069 福岡県飯塚市宮町１３−３０,33.6427324,130.6846646,飲食店
居酒屋和光,吉原町,paper,和風居酒屋 和光,〒820-0040 福岡県飯塚市吉原町７−２０,33.6403194,130.6869313,飲食店
ゼッテリアイオン穂波店,枝国,paper,ゼッテリア イオン穂波FS店,〒820-0081 福岡県飯塚市枝国長浦６６６−４８,33.637167,130.6736461,飲食店
みんなでごはん 穂のさろん,弁分,paper,takeout only（定食屋さんはやめました今はお惣菜屋さんです）みんなでごはん 穂のさろん,〒820-0088 福岡県飯塚市弁分３４０−１,33.6214295,130.6630567,飲食店
はちみつショップ natural selection acatuki,山倉,paper,,,,,その他
セントラル美容室,宮町,paper,セントラル美容室,〒820-0069 福岡県飯塚市宮町１３−２,33.6421083,130.6847097,美容室
株式会社日栄,蓮台寺,paper,株式会社日栄,〒820-0048 福岡県飯塚市蓮台寺６８−３,33.6459813,130.6392594,その他
BookOFF飯塚店,小正,paper,BOOKOFF 飯塚店,〒820-0089 福岡県飯塚市小正５,33.6247411,130.66996,書店
味楽門ＢＯＮ,弁分,paper,味楽門 BON（ボン）,〒820-0088 福岡県飯塚市弁分４１２−８,33.6196541,130.6628771,飲食店
太田自動車鈑金㈱,阿恵,paper,太田自動車鈑金㈱,〒820-0704 福岡県飯塚市阿恵１２４−３,33.565553,130.6493118,自動車修理
きものたかた,宮町,paper,たかた呉服店,〒820-0069 福岡県飯塚市宮町２−７,33.6405,130.683809,衣料品店
ＪＡふくおか嘉穂本所グリーンセンター,小正,paper,ＪＡふくおか嘉穂 本所グリーンセンター,〒820-0089 福岡県飯塚市小正,33.6273331,130.6687738,その他
ラバース,弁分,paper,ラ・バース,〒820-0088 福岡県飯塚市弁分１９４,33.6235714,130.666449,衣料品店
庄助うどん,阿恵,paper,庄助うどん,〒820-0704 福岡県飯塚市阿恵１７６０,33.553523,130.6417882,飲食店
ヱビス味噌,口原,paper,ヱビス味噌 蛭子屋合名会社,〒820-1114 福岡県飯塚市口原７４６,33.68429560000001,130.7109097,飲食店
陶房 八木山 青空間,八木山,paper,陶房 青空間,〒820-0047 福岡県飯塚市八木山１２５０−１,33.6233495,130.6011568,その他
AOKI飯塚店,秋松,paper,AOKI 飯塚店,〒820-0083 福岡県飯塚市秋松８９５−１,33.6193143,130.6702425,衣料品店
寿し徳,小正,paper,寿し徳,〒820-0089 福岡県飯塚市小正８−１,33.6255772,130.6691038,飲食店
アベイル堀池店,堀池,paper,アベイル 堀池店,〒820-0070 福岡県飯塚市堀池１０３−２,33.6260528,130.6828921,衣料品店
なか六新鮮屋,阿恵,paper,なか六新鮮屋,〒820-0704 福岡県飯塚市阿恵３６０,33.5672949,130.6460898,飲食店
金芳醤油醸造元,口原,paper,金芳醬油釀造元,〒820-1114 福岡県飯塚市口原７６５−７,33.6840694,130.7111562,飲食店
農楽園八木山,八木山,paper,農楽園八木山,〒820-0047 福岡県飯塚市八木山２５９,33.639203,130.61974,その他
大川家具アウトレットオックス,秋松,paper,大川良質アウトレット家具 OX (オックス）,〒820-0083 福岡県飯塚市秋松８７５−１０,33.6184326,130.6711462,家具店
セブンイレブン飯塚小正店,小正,paper,セブン-イレブン 飯塚小正店,〒820-0089 福岡県飯塚市小正４６０−２,33.6297385,130.661836,コンビニ
上田種苗園,堀池,paper,上田種苗園,〒820-0070 福岡県飯塚市堀池 １ １５３,33.628918,130.683168,飲食店
よしの米穀合同会社,北古賀,paper,よしの米穀,〒820-0703 福岡県飯塚市北古賀224‐1,33.5829835,130.6563556,飲食店
フローリストリスト 花仙,口原,paper,フローリスト花仙,〒820-1114 福岡県飯塚市口原９２４−１ アンリシール 101,33.6848104,130.7176364,花屋
車屋19,横田,paper,（株）カプラ車屋１９ １５０台展示のお店,〒820-0044 福岡県飯塚市横田２５８−２,33.6441638,130.670717,店舗
ケーズデンキ飯塚店,秋松,paper,ケーズデンキ 飯塚店,〒820-0083 福岡県飯塚市秋松68番地,33.6248213,130.6784201,電器店
お好み焼きむらた,小正,paper,お好み焼 むらた,〒820-0089 福岡県飯塚市小正１,33.6294977,130.6613237,飲食店
(有)エッカ,堀池,paper,有限会社エッカ,〒820-0070 福岡県飯塚市堀池１５４−９,33.6291371,130.6823201,建設・工事
アイアイだいぶ,大分,paper,アイアイだいぶ,〒820-0712 福岡県飯塚市大分１５１０−２０,33.589817,130.6289019,飲食店
ＣＯＲＯＮ,口原,paper,手作り雑貨&カフェ CORON,〒820-1114 福岡県飯塚市口原３８６−１,33.6821493,130.7175438,飲食店
コメダ珈琲店飯塚川津店,横田,paper,コメダ珈琲店 飯塚川津店,〒820-0044 福岡県飯塚市横田６５−７,33.6456858,130.6746074,カフェ
ケンタッキーフライドチキン飯塚秋松店,秋松,paper,ケンタッキーフライドチキン飯塚秋松店,〒820-0083 福岡県飯塚市秋松８６４−１,33.617748,130.6710089,飲食店
とり久,小正,paper,仕出しとり久,〒820-0089 福岡県飯塚市小正５５４−１,33.6261073,130.657342,飲食店
Ａープライス飯塚店,堀池,paper,A-プライス 飯塚店,〒820-0070 福岡県飯塚市堀池２４３−１,33.6255422,130.6826226,飲食店
うぐいす台電器,大分,paper,うぐいす台電器,〒820-0712 福岡県飯塚市大分１３２４−１２,33.5876623,130.6298358,生活雑貨
居酒屋 純,口原,paper,居酒屋 純（じゅん）,〒820-1114 福岡県飯塚市口原３１０ ３１０番地,33.6832899,130.7189012,飲食店
ドラッグストアコスモス花瀬店,横田,paper,ドラッグストアコスモス 花瀬店,〒820-0044 福岡県飯塚市横田５９９,33.6409326,130.6692725,ドラッグストア
炭焼酒処幸炭,秋松,paper,炭焼酒処 幸炭(こうたん),〒820-0083 福岡県飯塚市秋松８７０−１,33.6184085,130.6720231,飲食店
唐揚げ専門店とりいち,小正,paper,唐揚げ専門店とりいち,〒820-0089 福岡県飯塚市小正１２３−１,33.6269837,130.6629177,飲食店
パッケージプラザエジマヤ,堀池,paper,パッケージプラザ エジマヤ,〒820-0070 福岡県飯塚市堀池１３４−６,33.62839,130.682821,飲食店
セブンイレブン飯塚大分店,大分,paper,セブン-イレブン 飯塚大分店,〒820-0712 福岡県飯塚市大分１６６５−３,33.5914577,130.6287982,コンビニ
TRIDRUG GO目尾店,口原,paper,TRIDRUG GO目尾店,〒820-1114 福岡県飯塚市口原591番地6,33.6817674,130.7112473,ドラッグストア
第一タイヤサービス,横田,paper,第一タイヤサービス,〒820-0044 福岡県飯塚市横田５２−１,33.6451622,130.6756292,自動車修理
サンドラッグ穂波店,秋松,paper,サンドラッグ 穂波店,〒820-0083 福岡県飯塚市秋松９１６−１,33.6203222,130.670726,ドラッグストア
ふくおか安心安全ショップ,小正,paper,ふくおか安心安全ショップ,〒820-0089 福岡県飯塚市小正６０−１,33.6243158,130.6595305,店舗
オアシス珈琲,堀池,paper,オアシス珈琲 本店,〒820-0070 福岡県飯塚市堀池１３３−９,33.6279847,130.6842278,カフェ
有限会社 筑穂プロパン,大分,paper,(有)筑穂プロパン,〒820-0712 福岡県飯塚市大分１２８５−９,33.5873535,130.6255917,その他
ドラッグ頴田薬局,口原,paper,ドラック頴田薬局,〒820-1114 福岡県飯塚市口原９２４−１ アンリシール,33.6847643,130.7173455,健康・医療
ノエビア福岡南販売,横田,paper,ノエビア福岡南販売(オフィス・トベ),〒820-0044 福岡県飯塚市横田５６６−５,33.6395021,130.6665544,店舗
ジャンボパンチ希林,秋松,paper,ジャンボパンチ希林,〒820-0083 福岡県飯塚市秋松９４７,33.6222222,130.6722222,その他
やま志,小正,paper,麺処 やま志,〒820-0089 福岡県飯塚市小正２９−１,33.6243984,130.6666587,飲食店
オートバックス飯塚,堀池,paper,オートバックス 飯塚,〒820-0070 福岡県飯塚市堀池２４９−１,33.6248371,130.6824834,自動車修理
ツアサデンキ,大分,paper,ツアサデンキ,〒820-0712 福岡県飯塚市大分１４４０−１８,33.5874646,130.6345218,生活雑貨
マツグマ石油ガス,口原,paper,（株）松隈石油店,〒820-1114 福岡県飯塚市口原３２６−１３,33.6848469,130.7207197,その他
パンセ 横田店,横田,paper,（株）パンセ 本店,〒820-0044 福岡県飯塚市横田５８９−１,33.6406205,130.6688787,美容室
花のフクナガ穂波店(ハローデイ穂波店内),秋松,paper,花のフクナガ 穂波店,〒820-0083 福岡県飯塚市秋松９１９,33.6203371,130.6712974,花屋
楳木石油,高田,paper,楳木石油 高田 SS,〒820-0079 福岡県飯塚市高田６４４−１,33.6031928,130.6384406,ガソリンスタンド
かにすけ,堀池,paper,工場直売 かにすけ（飯塚かいさん本舗）,〒820-0070 福岡県飯塚市堀池１５４−２,33.62936000000001,130.682368,飲食店
日本習字筑穂教室,筑穂元吉,paper,明円寺習字教室,〒820-0712 福岡県飯塚市大分１２３６,33.5825216,130.6294891,その他
増岡化粧品店,口原,paper,増岡化粧品店,〒820-1114 福岡県飯塚市口原３３７−１,33.6847901,130.7203128,美容室
藤﨑建築,横田,paper,藤崎建築,〒820-0044 福岡県飯塚市横田３６６−２,33.6405427,130.6742665,建設・工事
バースデイ 飯塚店,秋松,paper,ベビー・子供用品バースデイ飯塚店,〒820-0083 福岡県飯塚市秋松９６４−１,33.6239052,130.6721565,衣料品店
うどんそば処あぐんちゃ,忠隈,paper,うどんそば処 あぐんちゃ,〒820-0071 福岡県飯塚市忠隈４８９−１,33.6211642,130.6823311,飲食店
焼肉開山堀池店,堀池,paper,焼肉開山 堀池店,〒820-0070 福岡県飯塚市堀池１３８,33.6277842,130.6835643,飲食店
伊佐文具店,長尾,paper,伊佐・文房具店,〒820-0701 福岡県飯塚市長尾１０２９,33.5717802,130.6495683,店舗
もり田のからあげ,口原,paper,もり田のからあげ,〒820-1114 福岡県飯塚市口原３３８−１,33.6845567,130.7202205,飲食店
